Unnamed: 0,pl_name,hostname,default_flag,sy_snum,sy_pnum,discoverymethod,disc_year,disc_facility,tran_flag,soltype,pl_controv_flag,pl_refname,pl_orbper,pl_orbpererr1,pl_orbpererr2,pl_orbperlim,pl_orbsmax,pl_orbsmaxerr1,pl_orbsmaxerr2,pl_orbsmaxlim,pl_rade,pl_radeerr1,pl_radeerr2,pl_radelim,pl_radj,pl_radjerr1,pl_radjerr2,pl_radjlim,pl_bmasse,pl_bmasseerr1,pl_bmasseerr2,pl_bmasselim,pl_bmassj,pl_bmassjerr1,pl_bmassjerr2,pl_bmassjlim,pl_bmassprov,pl_orbeccen,pl_orbeccenerr1,pl_orbeccenerr2,pl_orbeccenlim,pl_insol,pl_insolerr1,pl_insolerr2,pl_insollim,pl_eqt,pl_eqterr1,pl_eqterr2,pl_eqtlim,pl_orbincl,pl_orbinclerr1,pl_orbinclerr2,pl_orbincllim,ttv_flag,pl_trandur,pl_trandurerr1,pl_trandurerr2,pl_trandurlim,pl_ratdor,pl_ratdorerr1,pl_ratdorerr2,pl_ratdorlim,pl_ratror,pl_ratrorerr1,pl_ratrorerr2,pl_ratrorlim,pl_occdep,pl_occdeperr1,pl_occdeperr2,pl_occdeplim,st_refname,st_spectype,st_teff,st_tefferr1,st_tefferr2,st_tefflim,st_rad,st_raderr1,st_raderr2,st_radlim,st_mass,st_masserr1,st_masserr2,st_masslim,st_met,st_meterr1,st_meterr2,st_metlim,st_metratio,st_logg,st_loggerr1,st_loggerr2,st_logglim,sy_refname,rastr,ra,decstr,dec,sy_dist,sy_disterr1,sy_disterr2,sy_vmag,sy_vmagerr1,sy_vmagerr2,sy_jmag,sy_jmagerr1,sy_jmagerr2,sy_hmag,sy_hmagerr1,sy_hmagerr2,sy_kmag,sy_kmagerr1,sy_kmagerr2,sy_gaiamag,sy_gaiamagerr1,sy_gaiamagerr2,rowupdate,pl_pubdate,releasedate,st_age,st_ageerr1,st_ageerr2,st_agelim,dt_obj,pl_Teq,pl_rprs2,scale,TSM,efficiency,efficiency_kmag,ed_ESM,ESM,pl_masse,pl_masseerr2,pl_masseerr1,pl_masse_calc,pl_g,pl_rho_ratio,pl_vesc,score_CO2,score_CH4,score_N2O2
473,K2-18 b,K2-18,0,1,2,Transit,2015,K2,1,Published Confirmed,0,<a refstr=BENNEKE_ET_AL__2019 href=https://ui.adsabs.harvard.edu/abs/2019ApJ...887L..14B/abstract target=ref>Benneke et al. 2019</a>,32.940045,1e-05,-1e-05,0.0,0.1591,0.00046,-0.00047,0.0,2.61,0.087,-0.087,0.0,0.233,0.008,-0.008,0.0,8.63,1.35,-1.35,0.0,0.02715,0.00425,-0.00425,0.0,Mass,0.2,0.08,-0.08,0.0,1.0,0.08,-0.08,0.0,254.9,3.9,-3.9,0.0,89.579,0.008,-0.009,0.0,0,2.663,0.023,-0.027,0.0,83.83,9.03,-9.03,0.0,0.0543822474420792,0.00012,-0.00012,0.0,,,,,<a refstr=BENNEKE_ET_AL__2019 href=https://ui.adsabs.harvard.edu/abs/2019ApJ...887L..14B/abstract target=ref>Benneke et al. 2019</a>,M2.5 V,3457.0,39.0,-39.0,0.0,0.44,0.01,-0.01,0.0,0.5,0.0,-0.0,0.0,0.12,0.16,-0.16,0.0,[Fe/H],4.86,0.06,-0.06,0.0,<a refstr=STASSUN_ET_AL__2019 href=https://ui.adsabs.harvard.edu/abs/2019AJ....158..138S/abstract target=ref>TICv8</a>,11h30m14.43s,172.560141,+07d35m16.19s,7.5878315,38.0266,0.07955,-0.07955,13.477,0.042,-0.042,9.763,0.028,-0.028,9.135,0.026,-0.026,8.899,0.019,-0.019,12.4154,0.000502,-0.000502,2020-03-26,2019-12,2020-04-02,,,,,2019-12-01,278.0,0.0029574288368515,1.26,41.57389495297336,1.0,1.0,4.145472382958068,0.2952781548922217,8.63,-1.35,1.35,8.63,12.42792971330427,0.3104619233535807,20.34038181070496,3.349636146885923,1.2884381545662118,2.549893686400609
3633,LHS 1140 b,LHS 1140,1,1,2,Transit,2017,MEarth Project,1,Published Confirmed,0,<a refstr=CADIEUX_ET_AL__2024 href=https://ui.adsabs.harvard.edu/abs/2024ApJ...960L...3C/abstract target=ref>Cadieux et al. 2024</a>,24.73723,2e-05,-2e-05,0.0,0.0946,0.0017,-0.0017,0.0,1.73,0.025,-0.025,0.0,0.154,0.002,-0.002,0.0,5.6,0.19,-0.19,0.0,0.01762,0.0006,-0.0006,0.0,Mass,0.043,,,1.0,0.43,0.03,-0.03,0.0,226.0,4.0,-4.0,0.0,89.86,0.04,-0.04,0.0,0,2.15,0.05,-0.05,0.0,95.3,1.1,-1.1,0.0,0.0720929410534844,8e-05,-8e-05,0.0,,,,,<a refstr=CADIEUX_ET_AL__2024 href=https://ui.adsabs.harvard.edu/abs/2024ApJ...960L...3C/abstract target=ref>Cadieux et al. 2024</a>,M4.5 V,3096.0,48.0,-48.0,0.0,0.22,0.0,-0.0,0.0,0.18,0.0,-0.0,0.0,-0.15,0.09,-0.09,0.0,[Fe/H],5.04,0.02,-0.02,0.0,<a refstr=STASSUN_ET_AL__2019 href=https://ui.adsabs.harvard.edu/abs/2019AJ....158..138S/abstract target=ref>TICv8</a>,00h44m59.67s,11.248632,-15d16m26.79s,-15.2741085,14.9861,0.0153,-0.0152,14.15,0.062,-0.062,9.612001,0.023,-0.023,9.092,0.026,-0.026,8.821,0.024,-0.024,12.6706,0.000356,-0.000356,2024-03-04,2024-01,2024-03-04,5.0,,,-1.0,2024-01-01,225.11887502209933,0.0051973921497411,1.26,64.7868963986204,1.0,1.0,1.9281790435960104,0.1423654648828132,5.6,-0.19,0.19,5.6,18.355441210865713,0.7745882170510308,20.125418429182556,3.172953863123396,1.1516940086355465,2.2594580406765923
3803,TOI-1468 c,TOI-1468,1,1,2,Transit,2022,Transiting Exoplanet Survey Satellite (TESS),1,Published Confirmed,0,<a refstr=CHATURVEDI_ET_AL__2022 href=https://ui.adsabs.harvard.edu/abs/2022A&A...666A.155C/abstract target=ref>Chaturvedi et al. 2022</a>,15.532482,3.4e-05,-3.3e-05,0.0,,,,,2.064,0.044,-0.044,0.0,0.184,0.004,-0.004,0.0,6.64,0.67,-0.68,0.0,0.02089,0.00211,-0.00214,0.0,Mass,,,,,2.15,0.09,-0.09,0.0,337.5,3.7,-3.4,0.0,89.335,0.032,-0.035,0.0,0,,,,,53.69,0.84,-0.97,0.0,0.0556544758136113,,,,,,,,<a refstr=CHATURVEDI_ET_AL__2022 href=https://ui.adsabs.harvard.edu/abs/2022A&A...666A.155C/abstract target=ref>Chaturvedi et al. 2022</a>,M3.0 V,3496.0,25.0,-25.0,0.0,0.34,0.01,-0.01,0.0,0.34,0.01,-0.01,0.0,-0.04,0.07,-0.07,0.0,[Fe/H],5.0,0.11,-0.11,0.0,<a refstr=STASSUN_ET_AL__2019 href=https://ui.adsabs.harvard.edu/abs/2019AJ....158..138S/abstract target=ref>TICv8</a>,01h06m36.93s,16.6538724,+19d13m29.71s,19.2249195,24.7399,0.0469,-0.0467,12.5,0.2,-0.2,9.343,0.021,-0.021,8.782,0.021,-0.021,8.497,0.017,-0.017,12.1172,0.000697,-0.000697,2022-11-07,2022-10,2022-11-07,,,,,2022-10-01,336.6312353941885,0.0030974206780878,1.26,65.75489996961036,1.0,0.9643586152833696,12.80764519064604,1.097808477152082,6.64,-0.68,0.67,6.64,15.290359653866956,0.5185830050180676,20.06333616282327,2.751310665015468,0.7643575612032372,1.9136117330037083
4176,TOI-776 c,TOI-776,1,1,2,Transit,2020,Transiting Exoplanet Survey Satellite (TESS),1,Published Confirmed,0,<a refstr=FRIDLUND_ET_AL__2024 href=https://ui.adsabs.harvard.edu/abs/2024A&A...684A..12F/abstract target=ref>Fridlund et al. 2024</a>,15.665323,7.5e-05,-7e-05,0.0,0.1001,0.0022,-0.0024,0.0,2.047,0.081,-0.078,0.0,0.183,0.007,-0.007,0.0,6.9,2.6,-2.5,0.0,0.02171,0.00818,-0.00787,0.0,Mass,0.089,0.048,-0.054,0.0,4.9,0.2,-0.2,0.0,420.0,10.0,-10.0,0.0,89.49,0.3,-0.2,0.0,0,2.932,0.038,-0.038,0.0,39.4,1.6,-1.8,0.0,0.0341212139506318,0.0009,-0.0009,0.0,,,,,<a refstr=FRIDLUND_ET_AL__2024 href=https://ui.adsabs.harvard.edu/abs/2024A&A...684A..12F/abstract target=ref>Fridlund et al. 2024</a>,M1 V,3725.0,60.0,-60.0,0.0,0.55,0.02,-0.02,0.0,0.54,0.04,-0.04,0.0,-0.21,0.08,-0.08,0.0,[Fe/H],4.8,0.1,-0.1,0.0,<a refstr=STASSUN_ET_AL__2019 href=https://ui.adsabs.harvard.edu/abs/2019AJ....158..138S/abstract target=ref>TICv8</a>,11h54m18.72s,178.577997,-37d33m12.08s,-37.5533568,27.1701,0.03205,-0.03205,11.536,0.041,-0.041,8.483,0.018,-0.018,7.877,0.04,-0.04,7.615,0.02,-0.02,10.7409,0.000478,-0.000478,2024-06-10,2024-04,2024-06-10,6.1,7.0,-5.5,0.0,2024-04-01,413.61265295191,0.0011642572414647,1.26,43.066880899084055,0.95956039602044,0.6783710030195107,11.742284157856412,1.5108100950890984,6.9,-2.5,2.6,6.9,16.154086824786067,0.5464713057737834,20.537121889285114,2.7288166510378313,0.6507736523948852,1.9213389244231527
3798,TOI-1452 b,TOI-1452,1,2,1,Transit,2022,Transiting Exoplanet Survey Satellite (TESS),1,Published Confirmed,0,<a refstr=CADIEUX_ET_AL__2022 href=https://ui.adsabs.harvard.edu/abs/2022AJ....164...96C/abstract target=ref>Cadieux et al. 2022</a>,11.06201,2e-05,-2e-05,0.0,0.061,0.003,-0.003,0.0,1.672,0.071,-0.071,0.0,0.149,0.006,-0.006,0.0,4.82,1.3,-1.3,0.0,0.01517,0.00409,-0.00409,0.0,Mass,0.0,,,0.0,1.8,0.2,-0.2,0.0,326.0,7.0,-7.0,0.0,89.77,0.16,-0.16,0.0,0,,,,,46.83928571428571,,,,0.0547453910757921,,,,,,,,<a refstr=CADIEUX_ET_AL__2022 href=https://ui.adsabs.harvard.edu/abs/2022AJ....164...96C/abstract target=ref>Cadieux et al. 2022</a>,M4 &#177 0.5 V,3185.0,50.0,-50.0,0.0,0.28,0.01,-0.01,0.0,0.25,0.01,-0.01,0.0,-0.07,0.02,-0.02,0.0,[M/H],4.95,0.03,-0.03,0.0,<a refstr=STASSUN_ET_AL__2019 href=https://ui.adsabs.harvard.edu/abs/2019AJ....158..138S/abstract target=ref>TICv8</a>,19h20m41.75s,290.1739741,+73d11m42.39s,73.1951082,30.5212,0.0392,-0.039,14.354,0.121,-0.121,10.604,0.058,-0.058,10.026,0.058,-0.058,9.74,0.046,-0.046,13.6233,0.000469,-0.000469,2022-08-30,2022-09,2022-08-30,,,,,2022-09-01,322.0052275101388,0.0029970578440414,1.26,37.99961405428319,1.0,1.0,11.057596451155746,0.5347096579606826,4.82,-1.3,1.3,4.82,16.913889906366617,0.7654806455924642,18.992377732180977,2.3942425110609746,0.6058552074032422,1.5914665694565722
4175,TOI-776 b,TOI-776,1,1,2,Transit,2020,Transiting Exoplanet Survey Satellite (TESS),1,Published Confirmed,0,<a refstr=FRIDLUND_ET_AL__2024 href=https://ui.adsabs.harvard.edu/abs/2024A&A...684A..12F/abstract target=ref>Fridlund et al. 2024</a>,8.24662,2.4e-05,-3.1e-05,0.0,0.0653,0.0014,-0.0016,0.0,1.798,0.078,-0.077,0.0,0.16,0.007,-0.007,0.0,5.0,1.6,-1.6,0.0,0.01573,0.00503,-0.00503,0.0,Mass,0.052,0.037,-0.035,0.0,11.5,0.6,-0.6,0.0,520.0,12.0,-12.0,0.0,89.41,0.39,-0.36,0.0,0,2.382,0.05,-0.048,0.0,27.87,0.97,-1.02,0.0,0.0299706608125236,0.0008,-0.0008,0.0,,,,,<a refstr=FRIDLUND_ET_AL__2024 href=https://ui.adsabs.harvard.edu/abs/2024A&A...684A..12F/abstract target=ref>Fridlund et al. 2024</a>,M1 V,3725.0,60.0,-60.0,0.0,0.55,0.02,-0.02,0.0,0.54,0.04,-0.04,0.0,-0.21,0.08,-0.08,0.0,[Fe/H],4.8,0.1,-0.1,0.0,<a refstr=STASSUN_ET_AL__2019 href=https://ui.adsabs.harvard.edu/abs/2019AJ....158..138S/abstract target=ref>TICv8</a>,11h54m18.72s,178.577997,-37d33m12.08s,-37.5533568,27.1701,0.03205,-0.03205,11.536,0.041,-0.041,8.483,0.018,-0.018,7.877,0.04,-0.04,7.615,0.02,-0.02,10.7409,0.000478,-0.000478,2024-06-10,2024-04,2024-06-10,6.1,7.0,-5.5,0.0,2024-04-01,511.9402262060744,0.0008982405095393,1.26,49.8498068585534,0.95956039602044,0.6783710030195107,20.74894420306442,2.6696436522068265,5.0,-1.6,1.6,5.0,15.17258701733851,0.6337391350599685,18.65366251250878,1.9049364631478833,0.13148484902565083,1.248489591340972
3978,TOI-260 b,TOI-260,1,1,1,Transit,2024,Transiting Exoplanet Survey Satellite (TESS),1,Published Confirmed,0,<a refstr=HOBSON_ET_AL__2024 href=https://ui.adsabs.harvard.edu/abs/2024arXiv240606278H/abstract target=ref>Hobson et al. 2024</a>,13.475853,1.3e-05,-1.1e-05,0.0,0.0943,0.0016,-0.0016,0.0,1.71,0.08,-0.08,0.0,0.153,0.007,-0.007,0.0,4.23,1.6,-1.6,0.0,0.01331,0.00503,-0.00503,0.0,Mass,0.0,,,0.0,9.907719725238351,,,,493.0,12.0,-12.0,0.0,88.84,0.17,-0.17,0.0,0,2.37,0.27,-0.27,0.0,33.23688524590164,,,,0.0257001463321527,0.0011,-0.0001,0.0,,,,,<a refstr=HOBSON_ET_AL__2024 href=https://ui.adsabs.harvard.edu/abs/2024arXiv240606278H/abstract target=ref>Hobson et al. 2024</a>,K8 V,4026.0,14.0,-14.0,0.0,0.61,0.01,-0.01,0.0,0.62,0.03,-0.03,0.0,-0.47,0.03,-0.03,0.0,[Fe/H],4.45,0.05,-0.05,0.0,<a refstr=STASSUN_ET_AL__2019 href=https://ui.adsabs.harvard.edu/abs/2019AJ....158..138S/abstract target=ref>TICv8</a>,00h19m05.52s,4.7730178,-09d57m58.14s,-9.9661505,20.1852,0.0232,-0.0231,9.9,0.03,-0.03,7.376,0.02,-0.02,6.71,0.031,-0.031,6.549,0.021,-0.021,9.3124,0.000458,-0.000458,2024-08-30,2024-06,2024-08-30,15.9,2.8,-5.5,0.0,2024-06-01,493.0,0.000660497521494,1.26,66.07022079934153,0.6065798699287707,0.3769346604986065,12.07859970528795,2.539065361721532,4.23,-1.6,1.6,4.23,14.191135734072025,0.6491634405297282,17.593250448690892,1.7724916939236475,0.2395044679225672,1.3016451501587212
3985,TOI-270 c,TOI-270,0,1,3,Transit,2019,Transiting Exoplanet Survey Satellite (TESS),1,Published Confirmed,0,<a refstr=KOKORI_ET_AL__2023 href=https://ui.adsabs.harvard.edu/abs/2023ApJS..265....4K/abstract target=ref>Kokori et al. 2023</a>,5.6605746,4.6e-06,-4.6e-06,0.0,0.04526,0.00031,-0.00031,0.0,2.355,0.064,-0.064,0.0,0.21,0.006,-0.006,0.0,6.15,0.37,-0.37,0.0,0.01935,0.00116,-0.00116,0.0,Mass,0.027,0.021,-0.021,0.0,7.506161638606934,,,,488.0,12.0,-12.0,0.0,89.53,0.3,-0.42,0.0,0,1.658,0.015,-0.012,0.0,27.01,0.6,-1.58,0.0,0.0568167824152879,0.00079,-0.00079,0.0,,,,,<a refstr=G_UUML_NTHER_ET_AL__2019 href=https://ui.adsabs.harvard.edu/abs/2019NatAs...3.1099G/abstract target=ref>G&uuml;nther et al. 2019</a>,M3.0 V,3386.0,137.0,-131.0,0.0,0.38,0.02,-0.02,0.0,0.4,0.02,-0.02,0.0,-0.17,0.1,-0.1,0.0,[Fe/H],4.87,0.03,-0.03,0.0,<a refstr=STASSUN_ET_AL__2019 href=https://ui.adsabs.harvard.edu/abs/2019AJ....158..138S/abstract target=ref>TICv8</a>,04h33m39.86s,68.4160804,-51d57m26.62s,-51.9573937,22.4793,0.01355,-0.01355,12.603,0.039,-0.039,9.099,0.032,-0.032,8.531,0.073,-0.073,8.251,0.029,-0.029,11.6306,0.000476,-0.000476,2024-03-04,2023-03,2024-03-04,,,,,2023-03-01,488.0,0.0032281467640261,1.26,136.93699474817225,1.0,0.8812621922421802,71.0119067894645,6.816924224977818,6.15,-0.37,0.37,6.15,10.878331778165444,0.32987645416192546,18.076571312051723,1.764440069859655,0.15649215927574922,1.174226411151699
3986,TOI-270 d,TOI-270,0,1,3,Transit,2019,Transiting Exoplanet Survey Satellite (TESS),1,Published Confirmed,0,<a refstr=MIKAL_EVANS_ET_AL__2023 href=https://ui.adsabs.harvard.edu/abs/2023AJ....165...84M/abstract target=ref>Mikal-Evans et al. 2023</a>,11.38014,1.2e-05,-1.2e-05,0.0,0.0721,0.0005,-0.0005,0.0,2.19,0.07,-0.07,0.0,0.195,0.006,-0.006,0.0,4.78,0.43,-0.43,0.0,0.01504,0.00135,-0.00135,0.0,Mass,0.0,0.023,-0.023,0.0,3.1341120352358387,,,,387.0,10.0,-10.0,0.0,89.68,0.12,-0.12,0.0,0,2.148,0.018,-0.018,0.0,41.8,0.61,-0.59,0.0,0.0528359887428791,0.00095,-0.00118,0.0,,,,,<a refstr=MIKAL_EVANS_ET_AL__2023 href=https://ui.adsabs.harvard.edu/abs/2023AJ....165...84M/abstract target=ref>Mikal-Evans et al. 2023</a>,M3 V,3386.0,137.0,-131.0,0.0,0.38,0.02,-0.02,0.0,0.4,0.02,-0.02,0.0,-0.17,0.1,-0.1,0.0,[Fe/H],4.87,0.03,-0.03,0.0,<a refstr=STASSUN_ET_AL__2019 href=https://ui.adsabs.harvard.edu/abs/2019AJ....158..138S/abstract target=ref>TICv8</a>,04h33m39.86s,68.4160804,-51d57m26.62s,-51.9573937,22.4793,0.01355,-0.01355,12.603,0.039,-0.039,9.099,0.032,-0.032,8.531,0.073,-0.073,8.251,0.029,-0.029,11.6306,0.000476,-0.000476,2023-08-22,2023-03,2023-08-22,,,,,2023-03-01,387.0,0.0027916417064376,1.26,112.3618199132356,1.0,0.8812621922421802,23.74903514111819,2.279834189684895,4.78,-0.43,0.43,4.78,9.77706886845562,0.3384432397999881,16.525927666574194,1.750053390941913,0.41769615633042856,1.365399882706777
3815,TOI-1634 b,TOI-1634,1,2,2,Transit,2021,Transiting Exoplanet Survey Satellite (TESS),1,Published Confirmed,0,<a refstr=LUQUE__AMP__PALL_EACUTE__2022 href=https://ui.adsabs.harvard.edu/abs/2022Sci...377.1211L/abstract target=ref>Luque &amp; Pall&eacute; 2022</a>,0.9893455,6e-06,-6e-06,0.0,0.0149,0.00017,-0.00017,0.0,1.773,0.077,-0.077,0.0,0.158,0.007,-0.007,0.0,7.57,0.71,-0.72,0.0,0.02382,0.00223,-0.00227,0.0,Mass,0.0,,,0.0,121.0,12.0,-11.0,0.0,920.0,25.0,-25.0,0.0,86.98,0.41,-0.41,0.0,0,1.027,0.028,-0.028,0.0,7.38,0.2,-0.2,0.0,0.036121480523214,0.001,-0.001,0.0,,,,,<a refstr=HIRANO_ET_AL__2021 href=https://ui.adsabs.harvard.edu/abs/2021AJ....162..161H/abstract target=ref>Hirano et al. 2021</a>,M2,3472.0,70.0,-70.0,0.0,0.45,0.02,-0.02,0.0,0.45,0.01,-0.01,0.0,0.19,0.12,-0.12,0.0,[Fe/H],4.79,0.03,-0.03,0.0,<a refstr=STASSUN_ET_AL__2019 href=https://ui.adsabs.harvard.edu/abs/2019AJ....158..138S/abstract target=ref>TICv8</a>,03h45m33.75s,56.3906096,+37d06m44.21s,37.1122803,35.2736,0.0527,-0.0526,13.217,0.043,-0.043,9.484,0.021,-0.021,8.847,0.021,-0.021,8.6,0.014,-0.014,12.1965,0.000268,-0.000268,2023-07-10,2022-09,2023-07-10,,,,,2022-09-01,922.0216917188012,0.0013047613551889,1.26,53.56942482369235,1.0,0.9999163827810468,170.9764493427949,13.97634414974778,7.57,-0.72,0.71,7.57,23.623672630346345,0.9018862953252597,23.113596562758488,1.5690902814681777,-0.6062965148198298,0.8505878775107565
3720,TOI-1075 b,TOI-1075,1,1,1,Transit,2022,Transiting Exoplanet Survey Satellite (TESS),1,Published Confirmed,0,<a refstr=ESSACK_ET_AL__2022 href=https://ui.adsabs.harvard.edu/abs/2022arXiv221014901E/abstract target=ref>Essack et al. 2022</a>,0.6047328,3.2e-06,-3.2e-06,0.0,0.01159,0.00023,-0.0002,0.0,1.791,0.116,-0.081,0.0,0.16,0.01,-0.007,0.0,9.95,1.36,-1.3,0.0,0.03131,0.00428,-0.00409,0.0,Mass,0.0,,,0.0,509.2,18.7,-20.4,0.0,1323.0,44.0,-44.0,0.0,84.67,3.34,-3.93,0.0,0,,,,,4.4,0.89,-0.91,0.0,0.0283098072891109,0.0019,-0.0013,0.0,,,,,<a refstr=ESSACK_ET_AL__2022 href=https://ui.adsabs.harvard.edu/abs/2022arXiv221014901E/abstract target=ref>Essack et al. 2022</a>,K9 V/M0 V,3875.0,75.0,-75.0,0.0,0.58,0.02,-0.02,0.0,0.6,0.03,-0.03,0.0,-0.08,0.09,-0.09,0.0,[Fe/H],4.69,0.03,-0.03,0.0,<a refstr=STASSUN_ET_AL__2019 href=https://ui.adsabs.harvard.edu/abs/2019AJ....158..138S/abstract target=ref>TICv8</a>,20h39m53.09s,309.9712091,-65d26m58.92s,-65.4496994,61.4592,0.09435,-0.09435,12.615,0.069,-0.069,9.935,0.023,-0.023,9.292,0.026,-0.026,9.115,0.023,-0.023,12.0544,0.000232,-0.000232,2022-11-07,2022-10,2022-11-07,6.0,3.0,-4.0,0.0,2022-10-01,1320.5866258245755,0.0008014451887465,1.26,29.426941741776268,1.0,1.0,186.98701499763783,12.057818459409024,9.95,-1.3,1.36,9.95,30.429927414852042,1.064579509312381,26.365602738432905,1.311079507094298,-0.8690720059526449,2.2194651138486674
0,55 Cnc e,55 Cnc,0,2,5,Radial Velocity,2004,McDonald Observatory,1,Published Confirmed,0,<a refstr=KOKORI_ET_AL__2023 href=https://ui.adsabs.harvard.edu/abs/2023ApJS..265....4K/abstract target=ref>Kokori et al. 2023</a>,0.73654625,1.5e-07,-1.5e-07,0.0,0.01583,0.00024,-0.00024,0.0,1.897,0.044,-0.046,0.0,0.169,0.004,-0.004,0.0,9.37594,0.44496,-0.44496,0.0,0.0295,0.0014,-0.0014,0.0,Msini,0.036,0.034,-0.025,0.0,2596.5410277835267,,,,1958.0,15.0,-15.0,0.0,83.6,0.6,-0.6,0.0,0,1.584,0.084,-0.0672,0.0,3.47,0.07,-0.07,0.0,0.0185015791534012,0.0004,-0.0004,0.0,0.0154,0.0023,-0.0023,0.0,<a refstr=DEMORY_ET_AL__2011 href=https://ui.adsabs.harvard.edu/abs/2011A&A...533A.114D/abstract target=ref>Demory et al. 2011</a>,G8 V,5234.0,30.0,-30.0,0.0,0.94,0.01,-0.01,0.0,0.91,0.01,-0.01,0.0,0.31,0.04,-0.04,0.0,[Fe/H],4.45,0.08,-0.08,0.0,<a refstr=STASSUN_ET_AL__2019 href=https://ui.adsabs.harvard.edu/abs/2019AJ....158..138S/abstract target=ref>TICv8</a>,08h52m35.24s,133.1468373,+28d19m47.34s,28.3298154,12.5855,0.0124,-0.0123,5.95084,0.023,-0.023,4.768,0.244,-0.244,4.265,0.234,-0.234,4.015,0.036,-0.036,5.72973,0.0008523,-0.0008523,2024-03-04,2023-03,2024-03-04,,,,,2023-03-01,1958.0,0.0003423084311695,1.26,226.2115099122276,0.3,0.3,105.47107529892384,71.21814637823563,9.37594,-0.44496,0.44496,9.37594,25.55931233429361,0.8606478249817383,24.868391794691473,1.2358683010306453,-1.0179045217440805,0.6145456345131577
3851,TOI-178 c,TOI-178,1,1,6,Transit,2021,Transiting Exoplanet Survey Satellite (TESS),1,Published Confirmed,0,<a refstr=LELEU_ET_AL__2021 href=https://ui.adsabs.harvard.edu/abs/2021A&A...649A..26L/abstract target=ref>Leleu et al. 2021</a>,3.23845,2e-05,-1.9e-05,0.0,0.037,0.0011,-0.0011,0.0,1.669,0.114,-0.099,0.0,0.149,0.01,-0.009,0.0,4.77,0.55,-0.68,0.0,0.01501,0.00173,-0.00214,0.0,Mass,,,,,96.6478273675888,,,,873.0,18.0,-18.0,0.0,88.4,1.1,-1.6,0.0,0,1.95,0.15,-0.25,0.0,12.23,0.29,-0.31,0.0,0.0235403166705365,0.0015,-0.0013,0.0,,,,,<a refstr=LELEU_ET_AL__2021 href=https://ui.adsabs.harvard.edu/abs/2021A&A...649A..26L/abstract target=ref>Leleu et al. 2021</a>,K,4316.0,70.0,-70.0,0.0,0.65,0.01,-0.01,0.0,0.65,0.03,-0.03,0.0,-0.23,0.05,-0.05,0.0,[Fe/H],4.45,0.15,-0.15,0.0,<a refstr=STASSUN_ET_AL__2019 href=https://ui.adsabs.harvard.edu/abs/2019AJ....158..138S/abstract target=ref>TICv8</a>,00h29m12.48s,7.3020115,-30d27m14.82s,-30.4541159,62.699,0.2074,-0.2061,11.955,0.035,-0.035,9.372,0.021,-0.021,8.761,0.023,-0.023,8.656,0.021,-0.021,11.1523,0.00089,-0.00089,2021-03-12,2021-05,2021-03-18,7.1,6.1,-5.3,0.0,2021-05-01,873.0,0.0005541465089491,1.26,33.8850949198327,1.0,1.019438340043357,48.67344218667298,3.877478093131082,4.77,-0.68,0.55,4.77,16.798662818728438,0.7633821642637046,18.910585603071457,1.202319035058014,-0.5784950789855103,0.5460709682505875
4185,TOI-836 b,TOI-836,1,1,2,Transit,2023,Transiting Exoplanet Survey Satellite (TESS),1,Published Confirmed,0,<a refstr=HAWTHORN_ET_AL__2023 href=https://ui.adsabs.harvard.edu/abs/2023MNRAS.tmp..458H/abstract target=ref>Hawthorn et al. 2023</a>,3.81673,1e-05,-1e-05,0.0,0.0422,0.00093,-0.00093,0.0,1.704,0.067,-0.067,0.0,0.152,0.006,-0.006,0.0,4.53,0.92,-0.86,0.0,0.01425,0.00289,-0.00271,0.0,Mass,0.053,0.042,-0.042,0.0,78.84,0.01,-0.01,0.0,871.0,36.0,-36.0,0.0,87.57,0.44,-0.44,0.0,0,1.805,0.222,-0.007,0.0,13.54179104477612,,,,0.0233165401968166,0.0013,-0.0013,0.0,,,,,<a refstr=HAWTHORN_ET_AL__2023 href=https://ui.adsabs.harvard.edu/abs/2023MNRAS.tmp..458H/abstract target=ref>Hawthorn et al. 2023</a>,K V,4552.0,154.0,-154.0,0.0,0.67,0.01,-0.01,0.0,0.68,0.05,-0.04,0.0,-0.284,0.067,-0.067,0.0,[Fe/H],4.74,0.1,-0.1,0.0,<a refstr=STASSUN_ET_AL__2019 href=https://ui.adsabs.harvard.edu/abs/2019AJ....158..138S/abstract target=ref>TICv8</a>,15h00m19.17s,225.0798831,-24d27m15.13s,-24.4542022,27.5024,0.0294,-0.0293,9.92,0.03,-0.03,7.58,0.023,-0.023,6.983,0.04,-0.04,6.804,0.018,-0.018,9.40475,0.000443,-0.000443,2023-02-25,2023-02,2023-02-25,5.4,6.3,-5.0,0.0,2023-02-01,828.383518930844,0.0005436610467497,1.26,77.40392060830284,0.6677056364199444,0.4446386807061011,39.52626363752368,7.388275054670919,4.53,-0.86,0.92,4.53,15.30481303312835,0.6896265946888698,18.238464090369774,1.1649265669594928,-0.5069788461152265,0.6093609834567999
3648,LTT 1445 A b,LTT 1445 A,0,3,2,Transit,2019,Transiting Exoplanet Survey Satellite (TESS),1,Published Confirmed,0,<a refstr=PASS_ET_AL__2023 href=https://ui.adsabs.harvard.edu/abs/2023AJ....166..171P/abstract target=ref>Pass et al. 2023</a>,5.3587635,4.4e-06,-4.5e-06,0.0,0.0381,0.00067,-0.0007,0.0,1.34,0.11,-0.06,0.0,0.12,0.01,-0.005,0.0,2.73,0.25,-0.23,0.0,0.00859,0.00079,-0.00072,0.0,Mass,0.19,0.35,-0.14,0.0,5.7,1.3,-1.1,0.0,431.0,23.0,-23.0,0.0,89.53,0.33,-0.4,0.0,0,1.366,0.019,-0.018,0.0,29.963,3.128,-3.128,0.0,0.0454998908639845,0.0012,-0.0012,0.0,,,,,<a refstr=PASS_ET_AL__2023 href=https://ui.adsabs.harvard.edu/abs/2023AJ....166..171P/abstract target=ref>Pass et al. 2023</a>,M3.0,3340.0,150.0,-150.0,0.0,0.27,0.02,-0.01,0.0,0.26,0.01,-0.01,0.0,-0.34,0.09,-0.09,0.0,[Fe/H],4.97,0.06,-0.07,0.0,<a refstr=STASSUN_ET_AL__2019 href=https://ui.adsabs.harvard.edu/abs/2019AJ....158..138S/abstract target=ref>TICv8</a>,03h01m50.99s,45.4624781,-16d35m40.18s,-16.5944956,6.86929,0.003805,-0.003805,10.59,0.046,-0.046,7.294,0.024,-0.024,6.774,0.038,-0.038,6.496,0.021,-0.021,10.0469,0.001234,-0.001234,2024-07-22,2023-10,2024-07-22,,,,,2023-10-01,429.5497887974894,0.0020702400686345,0.19,34.30767841376545,0.5825090353050478,0.3632104056983586,28.196935801290184,6.073782105293023,2.73,-0.23,0.25,2.73,14.914958788148807,0.9540912833967521,15.966248375068993,1.1144555987678986,-0.11219116551646569,0.7741000739092994
4335,WASP-47 e,WASP-47,1,1,4,Transit,2015,K2,1,Published Confirmed,0,<a refstr=NASCIMBENI_ET_AL__2023 href=https://ui.adsabs.harvard.edu/abs/2023A&A...673A..42N/abstract target=ref>Nascimbeni et al. 2023</a>,0.78961,3e-05,-3e-05,0.0,0.0173,0.0038,-0.0038,0.0,1.83,0.02,-0.02,0.0,0.163,0.002,-0.002,0.0,9.0,0.6,-0.4,0.0,0.02832,0.00189,-0.00126,0.0,Mass,0.0,0.036,-0.02,0.0,4895.0,2087.0,-2087.0,0.0,,,,,86.73,1.76,-1.76,0.0,0,1.899,0.013,-0.013,0.0,3.2,0.2,-0.4,0.0,0.0144631343771839,0.00013,-0.00013,0.0,,,,,<a refstr=NASCIMBENI_ET_AL__2023 href=https://ui.adsabs.harvard.edu/abs/2023A&A...673A..42N/abstract target=ref>Nascimbeni et al. 2023</a>,G9,5552.0,75.0,-75.0,0.0,1.16,0.01,-0.01,0.0,1.06,0.05,-0.05,0.0,0.38,0.05,-0.05,0.0,[Fe/H],4.34,0.01,-0.01,0.0,<a refstr=STASSUN_ET_AL__2019 href=https://ui.adsabs.harvard.edu/abs/2019AJ....158..138S/abstract target=ref>TICv8</a>,22h04m48.74s,331.203092,-12d01m08.64s,-12.019067,264.78,4.888,-4.716,11.936,0.046,-0.046,10.613,0.022,-0.022,10.31,0.022,-0.022,10.192,0.026,-0.026,11.7889,0.000253,-0.000253,2024-08-16,2023-05,2024-08-16,6.5,2.6,-1.2,0.0,2023-05-01,2325.321300952904,0.0002091822560124,1.26,11.180167145226502,1.0,1.0,77.29470733294104,3.0353379325127903,9.0,-0.4,0.6,9.0,26.3638806772373,0.929154539323418,24.806738382249133,1.0319677330223636,-1.202117150882029,0.6702860490771538
3955,TOI-244 b,TOI-244,1,1,1,Transit,2023,Transiting Exoplanet Survey Satellite (TESS),1,Published Confirmed,0,<a refstr=CASTRO_GONZ_AACUTE_LEZ_ET_AL__2023 href=https://ui.adsabs.harvard.edu/abs/2023arXiv230504922C/abstract target=ref>Castro-Gonz&aacute;lez et al. 2023</a>,7.397225,2.6e-05,-2.3e-05,0.0,0.0559,0.0013,-0.0013,0.0,1.52,0.12,-0.12,0.0,0.136,0.011,-0.011,0.0,2.68,0.3,-0.3,0.0,0.00843,0.00094,-0.00094,0.0,Mass,,,,,7.3,0.4,-0.4,0.0,458.0,20.0,-20.0,0.0,88.32,0.16,-0.16,0.0,0,1.7,0.5,-0.5,0.0,28.1,1.8,-1.8,0.0,0.0324074196643166,0.0017,-0.0018,0.0,,,,,<a refstr=CASTRO_GONZ_AACUTE_LEZ_ET_AL__2023 href=https://ui.adsabs.harvard.edu/abs/2023arXiv230504922C/abstract target=ref>Castro-Gonz&aacute;lez et al. 2023</a>,M2.5 V,3433.0,100.0,-100.0,0.0,0.43,0.03,-0.03,0.0,0.43,0.03,-0.03,0.0,-0.39,0.07,-0.07,0.0,[Fe/H],4.66,0.07,-0.07,0.0,<a refstr=STASSUN_ET_AL__2019 href=https://ui.adsabs.harvard.edu/abs/2019AJ....158..138S/abstract target=ref>TICv8</a>,00h42m16.74s,10.5697537,-36d43m04.71s,-36.7179743,22.0337,0.0334,-0.0333,12.861,0.069,-0.069,8.827,0.023,-0.023,8.251,0.033,-0.033,7.97,0.029,-0.029,11.553,0.001017,-0.001017,2023-10-09,2023-05,2023-10-09,7.0,4.0,-4.0,0.0,2023-05-01,456.9571856002789,0.0010502408492991,1.26,70.03338445620932,1.0,0.7894960901207804,17.689230671541235,1.932707969445242,2.68,-0.3,0.3,2.68,11.379328254847648,0.6433801265721503,14.853183952125677,1.0036845397360188,-0.06266097300719753,0.8733702737688298
4208,TRAPPIST-1 g,TRAPPIST-1,1,1,7,Transit,2017,Multiple Observatories,1,Published Confirmed,0,<a refstr=AGOL_ET_AL__2021 href=https://ui.adsabs.harvard.edu/abs/2021PSJ.....2....1A/abstract target=ref>Agol et al. 2021</a>,12.352446,5.4e-05,-5.4e-05,0.0,0.04683,0.0004,-0.0004,0.0,1.129,0.015,-0.013,0.0,0.101,0.001,-0.001,0.0,1.321,0.038,-0.038,0.0,0.00416,0.00012,-0.00012,0.0,Mass,0.00208,0.00058,-0.00058,0.0,0.25,0.01,-0.01,0.0,197.3,1.9,-1.9,0.0,89.742,0.012,-0.012,0.0,1,1.137,0.0047,-0.0047,0.0,84.591,0.382,-0.628,0.0,0.0862545505725648,0.00053,-0.00053,0.0,,,,,<a refstr=AGOL_ET_AL__2021 href=https://ui.adsabs.harvard.edu/abs/2021PSJ.....2....1A/abstract target=ref>Agol et al. 2021</a>,,2566.0,26.0,-26.0,0.0,0.12,0.0,-0.0,0.0,0.09,0.0,-0.0,0.0,0.053,0.088,-0.088,0.0,[Fe/H],5.24,0.01,-0.01,0.0,<a refstr=STASSUN_ET_AL__2019 href=https://ui.adsabs.harvard.edu/abs/2019AJ....158..138S/abstract target=ref>TICv8</a>,23h06m30.33s,346.6263919,-05d02m36.46s,-5.0434618,,,,17.02,0.2,-0.2,11.354,0.022,-0.022,10.718,0.021,-0.021,10.296,0.023,-0.023,15.6451,0.001448,-0.001448,2022-11-14,2021-02,2022-11-14,,,,,2021-02-01,196.57568516986024,0.0074398474944751,0.19,15.146068446277756,1.0,1.0,1.1607902643000183,0.0434521278946001,1.321,-0.038,0.038,1.321,10.16679206145103,0.8752864481933472,12.099805646140858,0.9878481659080987,0.2485465552941945,0.4258685317905034
3802,TOI-1468 b,TOI-1468,1,1,2,Transit,2022,Transiting Exoplanet Survey Satellite (TESS),1,Published Confirmed,0,<a refstr=CHATURVEDI_ET_AL__2022 href=https://ui.adsabs.harvard.edu/abs/2022A&A...666A.155C/abstract target=ref>Chaturvedi et al. 2022</a>,1.8805136,2.4e-06,-2.6e-06,0.0,,,,,1.28,0.038,-0.039,0.0,0.114,0.003,-0.003,0.0,3.21,0.24,-0.24,0.0,0.0101,0.00076,-0.00076,0.0,Mass,,,,,36.0,1.6,-1.4,0.0,682.2,7.4,-6.9,0.0,88.47,0.34,-0.29,0.0,0,,,,,13.14,0.21,-0.24,0.0,0.0345144036053403,,,,,,,,<a refstr=CHATURVEDI_ET_AL__2022 href=https://ui.adsabs.harvard.edu/abs/2022A&A...666A.155C/abstract target=ref>Chaturvedi et al. 2022</a>,M3.0 V,3496.0,25.0,-25.0,0.0,0.34,0.01,-0.01,0.0,0.34,0.01,-0.01,0.0,-0.04,0.07,-0.07,0.0,[Fe/H],5.0,0.11,-0.11,0.0,<a refstr=STASSUN_ET_AL__2019 href=https://ui.adsabs.harvard.edu/abs/2019AJ....158..138S/abstract target=ref>TICv8</a>,01h06m36.93s,16.6538724,+19d13m29.71s,19.2249195,24.7399,0.0469,-0.0467,12.5,0.2,-0.2,9.343,0.021,-0.021,8.782,0.021,-0.021,8.497,0.017,-0.017,12.1172,0.000697,-0.000697,2022-11-07,2022-10,2022-11-07,,,,,2022-10-01,680.9581484937235,0.0011912440562323,0.19,9.895575678717805,1.0,0.9643586152833696,72.87913334905043,6.246841570573587,3.21,-0.24,0.24,3.21,19.22003173828125,1.242821328368387,17.71419772836329,0.8858735552483386,-0.6631703708539124,0.36247589475545405
316,HD 260655 c,HD 260655,1,1,2,Transit,2022,Transiting Exoplanet Survey Satellite (TESS),1,Published Confirmed,0,<a refstr=LUQUE_ET_AL__2022 href=https://ui.adsabs.harvard.edu/abs/2022arXiv220410261L/abstract target=ref>Luque et al. 2022</a>,5.70588,7e-05,-7e-05,0.0,0.04749,0.00039,-0.00039,0.0,1.533,0.051,-0.046,0.0,0.137,0.005,-0.004,0.0,3.09,0.48,-0.48,0.0,0.00972,0.00151,-0.00151,0.0,Mass,0.038,0.036,-0.022,0.0,16.1,0.3,-0.3,0.0,557.0,3.0,-3.0,0.0,87.79,0.08,-0.08,0.0,0,0.98,0.02,-0.02,0.0,23.37,0.47,-0.47,0.0,0.0319417568309224,0.001,-0.001,0.0,,,,,<a refstr=LUQUE_ET_AL__2022 href=https://ui.adsabs.harvard.edu/abs/2022arXiv220410261L/abstract target=ref>Luque et al. 2022</a>,M0 V,3803.0,10.0,-10.0,0.0,0.44,0.0,-0.0,0.0,0.44,0.01,-0.01,0.0,-0.43,0.04,-0.04,0.0,[Fe/H],5.2,0.07,-0.07,0.0,<a refstr=STASSUN_ET_AL__2019 href=https://ui.adsabs.harvard.edu/abs/2019AJ....158..138S/abstract target=ref>TICv8</a>,06h37m09.97s,99.2915429,+17d33m58.57s,17.5662696,10.0055,0.00505,-0.00505,9.63,0.1,-0.1,6.674,0.024,-0.024,6.031,0.016,-0.016,5.862,0.024,-0.024,8.876041,0.000554,-0.000554,2022-06-27,2022-04,2022-06-27,5.0,3.0,-3.0,0.0,2022-04-01,556.8667212588398,0.0010202758294457,1.26,195.471948544057,0.4097769200991021,0.2083108934654692,30.544202806885803,8.810206480224904,3.09,-0.48,0.48,3.09,12.898617882131274,0.701537688384171,15.881156259747087,0.8802573624731227,-0.31377452543222084,0.6635298646686363
4207,TRAPPIST-1 f,TRAPPIST-1,1,1,7,Transit,2017,Multiple Observatories,1,Published Confirmed,0,<a refstr=AGOL_ET_AL__2021 href=https://ui.adsabs.harvard.edu/abs/2021PSJ.....2....1A/abstract target=ref>Agol et al. 2021</a>,9.20754,3.2e-05,-3.2e-05,0.0,0.03849,0.00033,-0.00033,0.0,1.045,0.013,-0.012,0.0,0.093,0.001,-0.001,0.0,1.039,0.031,-0.031,0.0,0.00327,0.0001,-0.0001,0.0,Mass,0.01007,0.00068,-0.00068,0.0,0.37,0.01,-0.01,0.0,217.7,2.1,-2.1,0.0,89.74,0.019,-0.019,0.0,1,1.048,0.0042,-0.0042,0.0,69.543,0.314,-0.516,0.0,0.0798370286521968,0.00047,-0.00047,0.0,,,,,<a refstr=AGOL_ET_AL__2021 href=https://ui.adsabs.harvard.edu/abs/2021PSJ.....2....1A/abstract target=ref>Agol et al. 2021</a>,,2566.0,26.0,-26.0,0.0,0.12,0.0,-0.0,0.0,0.09,0.0,-0.0,0.0,0.053,0.088,-0.088,0.0,[Fe/H],5.24,0.01,-0.01,0.0,<a refstr=STASSUN_ET_AL__2019 href=https://ui.adsabs.harvard.edu/abs/2019AJ....158..138S/abstract target=ref>TICv8</a>,23h06m30.33s,346.6263919,-05d02m36.46s,-5.0434618,,,,17.02,0.2,-0.2,11.354,0.022,-0.022,10.718,0.021,-0.021,10.296,0.023,-0.023,15.6451,0.001448,-0.001448,2022-11-14,2021-02,2022-11-14,,,,,2021-02-01,216.81794653385305,0.0063739511440116,0.19,16.84300818029854,1.0,1.0,2.2771488796255186,0.0852410356940756,1.039,-0.031,0.031,1.039,9.333659943682608,0.9006673326937042,11.153818808843592,0.6118791586133717,-0.024373376756276433,-0.14826972653139225
3632,L 98-59 d,L 98-59,0,1,4,Transit,2019,Transiting Exoplanet Survey Satellite (TESS),1,Published Confirmed,0,<a refstr=RAJPAUL_ET_AL__2024 href=https://ui.adsabs.harvard.edu/abs/2024MNRAS.530.4665R/abstract target=ref>Rajpaul et al. 2024</a>,7.450737,5.4e-06,-5.4e-06,0.0,0.0486,0.0018,-0.0019,0.0,1.58,0.08,-0.08,0.0,0.141,0.007,-0.007,0.0,2.14,0.25,-0.29,0.0,0.00673,0.00079,-0.00091,0.0,Mass,0.098,0.027,-0.096,0.0,5.01,1.02,-0.83,0.0,416.0,20.0,-20.0,0.0,88.449,0.058,-0.111,0.0,0,0.84,0.15,-0.2,0.0,33.7,1.9,-1.7,0.0,0.0467266573003751,0.0011,-0.0011,0.0,,,,,<a refstr=RAJPAUL_ET_AL__2024 href=https://ui.adsabs.harvard.edu/abs/2024MNRAS.530.4665R/abstract target=ref>Rajpaul et al. 2024</a>,M3 V,3367.0,150.0,-150.0,0.0,0.31,0.01,-0.01,0.0,0.31,0.01,-0.01,0.0,-0.5,0.5,-0.5,0.0,[Fe/H],4.94,0.06,-0.06,0.0,<a refstr=STASSUN_ET_AL__2019 href=https://ui.adsabs.harvard.edu/abs/2019AJ....158..138S/abstract target=ref>TICv8</a>,08h18m07.89s,124.5328604,-68d18m52.08s,-68.3144658,10.6194,0.0032,-0.0032,11.685,0.017,-0.017,7.933,0.027,-0.027,7.359,0.049,-0.049,7.101,0.018,-0.018,10.5976,0.000765,-0.000765,2024-06-10,2024-06,2024-06-10,1.0,,,-1.0,2024-06-01,415.9146589516007,0.0021833805024666,1.26,260.3807492454053,0.7776635239238154,0.5269845521059151,25.70189173351726,4.190080647533031,2.14,-0.29,0.25,2.14,8.409469636276237,0.47713888462015275,13.01824078097032,0.587188145932168,-0.29766986422592767,0.188823812397642
3631,L 98-59 c,L 98-59,0,1,4,Transit,2019,Transiting Exoplanet Survey Satellite (TESS),1,Published Confirmed,0,<a refstr=RAJPAUL_ET_AL__2024 href=https://ui.adsabs.harvard.edu/abs/2024MNRAS.530.4665R/abstract target=ref>Rajpaul et al. 2024</a>,3.6906716,1.5e-06,-1.5e-06,0.0,0.0304,0.0011,-0.0012,0.0,1.34,0.07,-0.07,0.0,0.12,0.006,-0.006,0.0,2.25,0.24,-0.24,0.0,0.00708,0.00076,-0.00076,0.0,Mass,0.049,0.015,-0.047,0.0,12.8,2.6,-2.1,0.0,553.0,27.0,-26.0,0.0,88.11,0.36,-0.16,0.0,0,1.346,0.122,-0.069,0.0,19.0,1.2,-0.8,0.0,0.0396289372041156,0.00068,-0.00068,0.0,,,,,<a refstr=RAJPAUL_ET_AL__2024 href=https://ui.adsabs.harvard.edu/abs/2024MNRAS.530.4665R/abstract target=ref>Rajpaul et al. 2024</a>,M3 V,3367.0,150.0,-150.0,0.0,0.31,0.01,-0.01,0.0,0.31,0.01,-0.01,0.0,-0.5,0.5,-0.5,0.0,[Fe/H],4.94,0.06,-0.06,0.0,<a refstr=STASSUN_ET_AL__2019 href=https://ui.adsabs.harvard.edu/abs/2019AJ....158..138S/abstract target=ref>TICv8</a>,08h18m07.89s,124.5328604,-68d18m52.08s,-68.3144658,10.6194,0.0032,-0.0032,11.685,0.017,-0.017,7.933,0.027,-0.027,7.359,0.049,-0.049,7.101,0.018,-0.018,10.5976,0.000765,-0.000765,2024-06-10,2024-06,2024-06-10,1.0,,,-1.0,2024-06-01,525.8323346057657,0.0015704526639277,0.19,28.801120128436057,0.7776635239238154,0.5269845521059151,45.390253069921606,7.399798541944844,2.25,-0.24,0.24,2.25,12.292548451770994,0.8160779806477506,14.494819665030425,0.48357325775072213,-0.5432921185274138,0.372614333365455
97,GJ 486 b,GJ 486,1,1,1,Radial Velocity,2021,Calar Alto Observatory,1,Published Confirmed,0,<a refstr=WEINER_MANSFIELD_ET_AL__2024 href=https://ui.adsabs.harvard.edu/abs/2024arXiv240815123W/abstract target=ref>Weiner Mansfield et al. 2024</a>,1.46712127,3.1e-07,-3.5e-07,0.0,0.01714,0.00013,-0.00013,0.0,1.289,0.019,-0.014,0.0,0.115,0.002,-0.001,0.0,2.77,0.076,-0.073,0.0,0.00872,0.00024,-0.00023,0.0,Mass,0.00086,0.0016,-0.00043,0.0,39.2,1.7,-1.6,0.0,696.3,7.2,-7.3,0.0,89.39,0.41,-0.42,0.0,0,1.0158,0.00098,-0.00084,0.0,11.38,0.074,-0.15,0.0,0.036929400693546,6e-05,-6e-05,0.0,,,,,<a refstr=WEINER_MANSFIELD_ET_AL__2024 href=https://ui.adsabs.harvard.edu/abs/2024arXiv240815123W/abstract target=ref>Weiner Mansfield et al. 2024</a>,M3.5 V,3317.0,36.0,-37.0,0.0,0.32,0.0,-0.0,0.0,0.31,0.01,-0.01,0.0,-0.15,0.13,-0.12,0.0,[Fe/H],4.91,0.01,-0.01,0.0,<a refstr=STASSUN_ET_AL__2019 href=https://ui.adsabs.harvard.edu/abs/2019AJ....158..138S/abstract target=ref>TICv8</a>,12h47m55.57s,191.981531,+09d44m57.91s,9.7494181,8.07426,0.004095,-0.004095,11.39,0.1,-0.1,7.195,0.026,-0.026,6.666,0.046,-0.046,6.362,0.018,-0.018,10.094,0.000746,-0.000746,2024-09-28,2024-08,2024-09-28,4.0,4.0,-3.0,0.0,2024-08-01,695.6107943416796,0.0013637806355844,0.19,36.316077981023085,0.5538294266800867,0.3290448668318366,94.76588777547911,21.712474812655238,2.77,-0.073,0.076,2.77,16.354713542591398,1.0854361820597582,16.397867864334426,0.4670513468843487,-0.8266465804553107,0.06666924602331936
3634,LHS 1140 c,LHS 1140,1,1,2,Transit,2018,Multiple Observatories,1,Published Confirmed,0,<a refstr=CADIEUX_ET_AL__2024 href=https://ui.adsabs.harvard.edu/abs/2024ApJ...960L...3C/abstract target=ref>Cadieux et al. 2024</a>,3.77794,2e-06,-2e-06,0.0,0.027,0.0005,-0.0005,0.0,1.272,0.026,-0.026,0.0,0.113,0.002,-0.002,0.0,1.91,0.06,-0.06,0.0,0.00601,0.00019,-0.00019,0.0,Mass,0.05,,,1.0,5.3,0.4,-0.4,0.0,422.0,7.0,-7.0,0.0,89.8,0.14,-0.19,0.0,0,1.13,0.02,-0.02,0.0,26.57,0.05,-0.05,0.0,0.0530070641734289,0.00013,-0.00013,0.0,,,,,<a refstr=CADIEUX_ET_AL__2024 href=https://ui.adsabs.harvard.edu/abs/2024ApJ...960L...3C/abstract target=ref>Cadieux et al. 2024</a>,M4.5 V,3096.0,48.0,-48.0,0.0,0.22,0.0,-0.0,0.0,0.18,0.0,-0.0,0.0,-0.15,0.09,-0.09,0.0,[Fe/H],5.04,0.02,-0.02,0.0,<a refstr=STASSUN_ET_AL__2019 href=https://ui.adsabs.harvard.edu/abs/2019AJ....158..138S/abstract target=ref>TICv8</a>,00h44m59.67s,11.248632,-15d16m26.79s,-15.2741085,14.9861,0.0153,-0.0152,14.15,0.062,-0.062,9.612001,0.023,-0.023,9.092,0.026,-0.026,8.821,0.024,-0.024,12.6706,0.000356,-0.000356,2024-03-04,2024-01,2024-03-04,5.0,,,-1.0,2024-01-01,421.8069811790881,0.002809748852286,0.19,21.3328937001668,1.0,1.0,39.2357882437323,2.89694115902491,1.91,-0.06,0.06,1.91,11.580522427910289,0.8319881782971406,13.707147451186636,0.3980193197112213,-0.5047250847368173,0.1965487275873694
93,GJ 357 b,GJ 357,0,1,3,Transit,2019,Transiting Exoplanet Survey Satellite (TESS),1,Published Confirmed,0,<a refstr=KOKORI_ET_AL__2023 href=https://ui.adsabs.harvard.edu/abs/2023ApJS..265....4K/abstract target=ref>Kokori et al. 2023</a>,3.930623,1e-05,-1e-05,0.0,0.036,0.0004,-0.0004,0.0,1.2,0.06,-0.06,0.0,0.107,0.005,-0.005,0.0,1.84,0.31,-0.31,0.0,0.00579,0.00098,-0.00098,0.0,Mass,,,,,12.6,1.1,-0.8,0.0,518.0,44.0,-44.0,0.0,89.12,0.37,-0.31,0.0,0,1.291,0.123,-0.123,0.0,19.4,1.4,-1.3,0.0,0.0323572533800065,0.0009,-0.0009,0.0,,,,,<a refstr=LUQUE_ET_AL__2019 href=https://ui.adsabs.harvard.edu/abs/2019A&A...628A..39L/abstract target=ref>Luque et al. 2019</a>,M2.5 V,3505.0,51.0,-51.0,0.0,0.34,0.01,-0.01,0.0,0.34,0.01,-0.01,0.0,-0.12,0.16,-0.16,0.0,[Fe/H],4.94,0.07,-0.07,0.0,<a refstr=STASSUN_ET_AL__2019 href=https://ui.adsabs.harvard.edu/abs/2019AJ....158..138S/abstract target=ref>TICv8</a>,09h36m01.79s,144.0074644,-21d39m54.23s,-21.6650634,9.44181,0.00511,-0.00511,10.91,0.1,-0.1,7.337,0.034,-0.034,6.74,0.033,-0.033,6.475,0.017,-0.017,9.88036,0.00144,-0.00144,2024-03-04,2023-03,2024-03-04,,,,,2023-03-01,523.7661558121548,0.0010469918462979,0.19,27.558724559831195,0.5950958404304738,0.3578055802880148,28.328223076680587,6.161360583296541,1.84,-0.31,0.31,1.84,12.535000000000002,0.9622415020636634,13.851354523727908,0.36475383431217523,-0.5376342026477583,0.19940329194092454
4030,TOI-406 c,TOI-406,1,1,2,Transit,2024,Transiting Exoplanet Survey Satellite (TESS),1,Published Confirmed,0,<a refstr=LACEDELLI_ET_AL__2024 href=https://ui.adsabs.harvard.edu/abs/2024arXiv240911083L/abstract target=ref>Lacedelli et al. 2024</a>,3.307441,1e-05,-8e-06,0.0,0.0322,0.0013,-0.0013,0.0,1.32,0.12,-0.12,0.0,0.118,0.011,-0.011,0.0,2.08,0.23,-0.22,0.0,0.00654,0.00072,-0.00069,0.0,Mass,0.032,0.037,-0.023,0.0,19.0,3.0,-3.0,0.0,584.0,22.0,-22.0,0.0,87.6,0.3,-0.4,0.0,0,1.05,0.05,-0.05,0.0,17.6,1.1,-1.3,0.0,0.0295161286929816,0.0016,-0.0017,0.0,,,,,<a refstr=LACEDELLI_ET_AL__2024 href=https://ui.adsabs.harvard.edu/abs/2024arXiv240911083L/abstract target=ref>Lacedelli et al. 2024</a>,M3,3392.0,44.0,-44.0,0.0,0.41,0.03,-0.03,0.0,0.41,0.05,-0.04,0.0,-0.02,0.04,-0.04,0.0,[M/H],4.69,0.04,-0.04,0.0,<a refstr=STASSUN_ET_AL__2019 href=https://ui.adsabs.harvard.edu/abs/2019AJ....158..138S/abstract target=ref>TICv8</a>,03h17m03.03s,49.2626428,-42d14m38.94s,-42.2441492,31.0597,0.0341,-0.034,13.773,0.038,-0.038,9.695,0.023,-0.023,9.128,0.023,-0.023,8.848,0.021,-0.021,12.5528,0.000332,-0.000332,2024-12-16,2024-09,2024-12-16,,,,,2024-09-01,580.4077411204967,0.0008712018530206,0.19,8.347905849945077,1.0,1.0,34.538877967633624,2.518636640772264,2.08,-0.22,0.23,2.08,11.710743801652892,0.7985696677234316,14.041666646137928,0.357650772332625,-0.5920766726355803,0.1962378879607467
3635,LHS 1478 b,LHS 1478,1,1,1,Transit,2021,Transiting Exoplanet Survey Satellite (TESS),1,Published Confirmed,0,<a refstr=SOTO_ET_AL__2021 href=https://ui.adsabs.harvard.edu/abs/2021A&A...649A.144S/abstract target=ref>Soto et al. 2021</a>,1.9495378,4e-06,-4.1e-06,0.0,0.01848,0.00061,-0.00063,0.0,1.242,0.051,-0.049,0.0,0.111,0.005,-0.004,0.0,2.33,0.2,-0.2,0.0,0.00733,0.00063,-0.00063,0.0,Mass,,,,,20.951916667793355,,,,595.0,10.0,-10.0,0.0,87.452,0.052,-0.048,0.0,0,0.705,0.011,-0.011,0.0,16.119,0.088,-0.094,0.0,0.0455460698576972,0.0011,-0.001,0.0,,,,,<a refstr=SOTO_ET_AL__2021 href=https://ui.adsabs.harvard.edu/abs/2021A&A...649A.144S/abstract target=ref>Soto et al. 2021</a>,m3 V,3381.0,54.0,-54.0,0.0,0.25,0.01,-0.01,0.0,0.24,0.01,-0.01,0.0,-0.13,0.19,-0.19,0.0,[Fe/H],4.87,0.06,-0.06,0.0,<a refstr=STASSUN_ET_AL__2019 href=https://ui.adsabs.harvard.edu/abs/2019AJ....158..138S/abstract target=ref>TICv8</a>,02h57m21.33s,44.3388743,+76d33m05.06s,76.5514045,18.2276,0.011,-0.011,13.304,0.04,-0.04,9.615,0.026,-0.026,9.028,0.029,-0.029,8.767,0.022,-0.022,12.2598,0.000277,-0.000277,2021-04-23,2021-05,2021-04-23,,,,,2021-05-01,595.0,0.0020744444794822,0.19,17.75821933897774,1.0,1.0585283272685044,89.26421449962253,6.756700674196306,2.33,-0.2,0.2,2.33,14.81773203575346,1.0525415865519034,15.321141347364234,0.29516631855618125,-0.782093576410761,0.09793422322948886
4209,TRAPPIST-1 h,TRAPPIST-1,1,1,7,Transit,2017,Multiple Observatories,1,Published Confirmed,0,<a refstr=AGOL_ET_AL__2021 href=https://ui.adsabs.harvard.edu/abs/2021PSJ.....2....1A/abstract target=ref>Agol et al. 2021</a>,18.772866,0.000214,-0.000214,0.0,0.06189,0.00053,-0.00053,0.0,0.755,0.014,-0.014,0.0,0.067,0.001,-0.001,0.0,0.326,0.02,-0.02,0.0,0.00103,6e-05,-6e-05,0.0,Mass,0.00567,0.00121,-0.00121,0.0,0.14,0.01,-0.01,0.0,171.7,1.7,-1.7,0.0,89.805,0.013,-0.013,0.0,1,1.269,0.0093,-0.0093,0.0,111.817,0.505,-0.83,0.0,0.0576812982128312,0.00087,-0.00087,0.0,,,,,<a refstr=AGOL_ET_AL__2021 href=https://ui.adsabs.harvard.edu/abs/2021PSJ.....2....1A/abstract target=ref>Agol et al. 2021</a>,,2566.0,26.0,-26.0,0.0,0.12,0.0,-0.0,0.0,0.09,0.0,-0.0,0.0,0.053,0.088,-0.088,0.0,[Fe/H],5.24,0.01,-0.01,0.0,<a refstr=STASSUN_ET_AL__2019 href=https://ui.adsabs.harvard.edu/abs/2019AJ....158..138S/abstract target=ref>TICv8</a>,23h06m30.33s,346.6263919,-05d02m36.46s,-5.0434618,,,,17.02,0.2,-0.2,11.354,0.022,-0.022,10.718,0.021,-0.021,10.296,0.023,-0.023,15.6451,0.001448,-0.001448,2022-11-14,2021-02,2022-11-14,,,,,2021-02-01,170.05006600393818,0.0033271321635175,0.19,15.877830759177565,1.0,1.0,0.1300776465325471,0.0048692263427701,0.326,-0.02,0.02,0.326,5.610385509407482,0.8750111730459433,7.350371352100826,0.2827450141227037,-0.23658156856661783,-0.7002807815699311
95,GJ 3929 b,GJ 3929,1,1,2,Transit,2022,Transiting Exoplanet Survey Satellite (TESS),1,Published Confirmed,0,<a refstr=BEARD_ET_AL__2022 href=https://ui.adsabs.harvard.edu/abs/2022arXiv220710672B/abstract target=ref>Beard et al. 2022</a>,2.616235,5e-06,-5e-06,0.0,0.0252,0.0005,-0.0005,0.0,1.09,0.04,-0.04,0.0,0.097,0.004,-0.004,0.0,1.75,0.44,-0.45,0.0,0.00551,0.00138,-0.00142,0.0,Mass,0.0,,,0.0,17.3,0.7,-0.7,0.0,568.0,6.0,-6.0,0.0,88.442,0.008,-0.008,0.0,0,1.19,0.02,-0.02,0.0,16.8,0.5,-0.5,0.0,0.0312281200589334,0.0003,-0.0003,0.0,,,,,<a refstr=BEARD_ET_AL__2022 href=https://ui.adsabs.harvard.edu/abs/2022arXiv220710672B/abstract target=ref>Beard et al. 2022</a>,M3.5 V,3384.0,88.0,-88.0,0.0,0.32,0.01,-0.01,0.0,0.31,0.03,-0.02,0.0,-0.02,0.12,-0.12,0.0,[Fe/H],4.89,0.05,-0.05,0.0,<a refstr=STASSUN_ET_AL__2019 href=https://ui.adsabs.harvard.edu/abs/2019AJ....158..138S/abstract target=ref>TICv8</a>,15h58m18.62s,239.5775678,+35d24m29.21s,35.4081141,15.8095,0.0096,-0.0095,12.675,0.023,-0.023,8.694,0.024,-0.024,8.1,0.015,-0.015,7.869,0.02,-0.02,11.5109,0.000681,-0.000681,2022-08-01,2022-07,2022-08-01,7.1,4.1,-4.9,0.0,2022-07-01,566.9650939116118,0.0009751954824151,0.19,14.20533274757284,1.0327614354289256,0.7573340101424589,35.985713306589574,4.118958419837814,1.75,-0.45,0.44,1.75,14.449541284403669,1.2331509215963485,14.173585635461244,0.28240446944891473,-0.7090046889909298,0.1448370756891566
422,K2-141 b,K2-141,1,1,2,Transit,2018,K2,1,Published Confirmed,0,<a refstr=BONOMO_ET_AL__2023 href=https://ui.adsabs.harvard.edu/abs/2023arXiv230405773B/abstract target=ref>Bonomo et al. 2023</a>,0.2803244,1.5e-06,-1.5e-06,0.0,0.00747,0.0001,-0.0001,0.0,1.51,0.05,-0.05,0.0,0.135,0.004,-0.004,0.0,4.97,0.35,-0.34,0.0,0.01564,0.0011,-0.00107,0.0,Mass,0.0,,,0.0,3260.0,370.0,-330.0,0.0,2103.0,56.0,-56.0,0.0,86.3,2.7,-3.6,0.0,0,0.94,0.02,-0.02,0.0,2.31,0.08,-0.19,0.0,0.0203581052515874,0.00052,-0.00042,0.0,,,,,<a refstr=BONOMO_ET_AL__2023 href=https://ui.adsabs.harvard.edu/abs/2023arXiv230405773B/abstract target=ref>Bonomo et al. 2023</a>,K7 V,4570.0,100.0,-100.0,0.0,0.68,0.02,-0.02,0.0,0.71,0.03,-0.03,0.0,0.0,0.06,-0.06,0.0,[Fe/H],4.62,0.02,-0.03,0.0,<a refstr=STASSUN_ET_AL__2019 href=https://ui.adsabs.harvard.edu/abs/2019AJ....158..138S/abstract target=ref>TICv8</a>,23h23m40.09s,350.9170464,-01d11m21.06s,-1.1891827,61.8736,0.1662,-0.1654,11.454,0.023,-0.023,9.086,0.021,-0.021,8.524,0.053,-0.053,8.401,0.023,-0.023,10.7217,0.000692,-0.000692,2023-04-17,2023-04,2023-04-17,6.3,6.6,-4.7,0.0,2023-04-01,2100.6282219441528,0.0004144524494347,1.26,60.40548404410784,1.0,0.9316241464075566,167.09243823440062,14.96973417859157,4.97,-0.34,0.35,4.97,21.383141090303056,1.0647585776059747,20.293814082828,0.21356750933132718,-1.8833059639495162,-0.5671372561227535
3639,LHS 1815 b,LHS 1815,1,1,1,Transit,2020,Transiting Exoplanet Survey Satellite (TESS),1,Published Confirmed,0,<a refstr=LUQUE__AMP__PALL_EACUTE__2022 href=https://ui.adsabs.harvard.edu/abs/2022Sci...377.1211L/abstract target=ref>Luque &amp; Pall&eacute; 2022</a>,3.814334,8.4e-05,-8.4e-05,0.0,0.0404,0.0094,-0.0094,0.0,1.088,0.064,-0.064,0.0,0.097,0.006,-0.006,0.0,1.58,0.64,-0.6,0.0,0.00497,0.00201,-0.00189,0.0,Mass,0.0,,,0.0,24.88945346491567,,,,617.0,84.0,-84.0,0.0,88.125,1.113,-1.113,0.0,0,,,,,17.17,1.99,-4.16,0.0,0.0199493252838867,0.0024,-0.001,0.0,,,,,<a refstr=GAN_ET_AL__2020 href=https://ui.adsabs.harvard.edu/abs/2020AJ....159..160G/abstract target=ref>Gan et al. 2020</a>,M1,3643.0,142.0,-142.0,0.0,0.5,0.03,-0.03,0.0,0.5,0.01,-0.01,0.0,-0.12,0.09,-0.09,0.0,[Fe/H],4.77,0.03,-0.03,0.0,<a refstr=STASSUN_ET_AL__2019 href=https://ui.adsabs.harvard.edu/abs/2019AJ....158..138S/abstract target=ref>TICv8</a>,06h04m21.60s,91.0899861,-55d18m41.54s,-55.3115376,29.8424,0.0239,-0.0239,12.167,0.047,-0.047,8.801,0.024,-0.024,8.209,0.047,-0.047,7.993,0.02,-0.02,11.2362,0.000708,-0.000708,2023-07-10,2022-09,2023-07-10,,,,,2022-09-01,617.0,0.0003979755792823,0.19,6.639392682177972,1.0,0.7968808512697431,17.363842102476923,1.8771679045720504,1.58,-0.6,0.64,1.58,13.093878406141869,1.1354078472424307,13.479942896190195,0.1758144600206697,-0.708695030859399,-0.013014127158493372
315,HD 260655 b,HD 260655,1,1,2,Transit,2022,Transiting Exoplanet Survey Satellite (TESS),1,Published Confirmed,0,<a refstr=LUQUE_ET_AL__2022 href=https://ui.adsabs.harvard.edu/abs/2022arXiv220410261L/abstract target=ref>Luque et al. 2022</a>,2.76953,3e-05,-3e-05,0.0,0.02933,0.00024,-0.00024,0.0,1.24,0.023,-0.023,0.0,0.111,0.002,-0.002,0.0,2.14,0.34,-0.34,0.0,0.00673,0.00107,-0.00107,0.0,Mass,0.039,0.043,-0.023,0.0,42.2,0.7,-0.7,0.0,709.0,4.0,-4.0,0.0,87.35,0.14,-0.14,0.0,0,1.15,0.02,-0.02,0.0,14.43,0.29,-0.29,0.0,0.0258367765625204,0.00046,-0.00046,0.0,,,,,<a refstr=LUQUE_ET_AL__2022 href=https://ui.adsabs.harvard.edu/abs/2022arXiv220410261L/abstract target=ref>Luque et al. 2022</a>,M0 V,3803.0,10.0,-10.0,0.0,0.44,0.0,-0.0,0.0,0.44,0.01,-0.01,0.0,-0.43,0.04,-0.04,0.0,[Fe/H],5.2,0.07,-0.07,0.0,<a refstr=STASSUN_ET_AL__2019 href=https://ui.adsabs.harvard.edu/abs/2019AJ....158..138S/abstract target=ref>TICv8</a>,06h37m09.97s,99.2915429,+17d33m58.57s,17.5662696,10.0055,0.00505,-0.00505,9.63,0.1,-0.1,6.674,0.024,-0.024,6.031,0.016,-0.016,5.862,0.024,-0.024,8.876041,0.000554,-0.000554,2022-06-27,2022-04,2022-06-27,5.0,3.0,-3.0,0.0,2022-04-01,708.5539258598665,0.0006675390231416,0.19,28.65975270991157,0.4097769200991021,0.2083108934654692,40.85190827220961,11.783373403618072,2.14,-0.34,0.34,2.14,13.653355879292404,0.9870769634043652,14.69501388417293,0.1706836753682599,-0.8315119433142447,0.11319824357655639
4206,TRAPPIST-1 e,TRAPPIST-1,1,1,7,Transit,2017,Multiple Observatories,1,Published Confirmed,0,<a refstr=AGOL_ET_AL__2021 href=https://ui.adsabs.harvard.edu/abs/2021PSJ.....2....1A/abstract target=ref>Agol et al. 2021</a>,6.101013,3.5e-05,-3.5e-05,0.0,0.02925,0.0025,-0.0025,0.0,0.92,0.013,-0.012,0.0,0.082,0.001,-0.001,0.0,0.692,0.022,-0.022,0.0,0.00218,7e-05,-7e-05,0.0,Mass,0.0051,0.00058,-0.00058,0.0,0.65,0.03,-0.03,0.0,249.7,2.4,-2.4,0.0,89.793,0.048,-0.048,0.0,1,0.9293,0.0043,-0.0043,0.0,52.855,0.239,-0.392,0.0,0.0702871448421254,0.00055,-0.00055,0.0,,,,,<a refstr=AGOL_ET_AL__2021 href=https://ui.adsabs.harvard.edu/abs/2021PSJ.....2....1A/abstract target=ref>Agol et al. 2021</a>,,2566.0,26.0,-26.0,0.0,0.12,0.0,-0.0,0.0,0.09,0.0,-0.0,0.0,0.053,0.088,-0.088,0.0,[Fe/H],5.24,0.01,-0.01,0.0,<a refstr=STASSUN_ET_AL__2019 href=https://ui.adsabs.harvard.edu/abs/2019AJ....158..138S/abstract target=ref>TICv8</a>,23h06m30.33s,346.6263919,-05d02m36.46s,-5.0434618,,,,17.02,0.2,-0.2,11.354,0.022,-0.022,10.718,0.021,-0.021,10.296,0.023,-0.023,15.6451,0.001448,-0.001448,2022-11-14,2021-02,2022-11-14,,,,,2021-02-01,249.61641128329384,0.0049402827300579,0.19,19.866512347356043,1.0,1.0,5.081507910846421,0.1902172497739455,0.692,-0.022,0.022,0.692,8.020463137996218,0.9340845667013992,9.70137048625722,0.11509723440950412,-0.4767940561280012,-0.8194785645110824
3984,TOI-270 b,TOI-270,0,1,3,Transit,2019,Transiting Exoplanet Survey Satellite (TESS),1,Published Confirmed,0,<a refstr=KOKORI_ET_AL__2023 href=https://ui.adsabs.harvard.edu/abs/2023ApJS..265....4K/abstract target=ref>Kokori et al. 2023</a>,3.360156,1.2e-05,-1.2e-05,0.0,0.03197,0.00022,-0.00022,0.0,1.206,0.039,-0.039,0.0,0.108,0.003,-0.003,0.0,1.58,0.26,-0.26,0.0,0.00497,0.00082,-0.00082,0.0,Mass,0.034,0.025,-0.025,0.0,17.9219071958193,,,,581.0,14.0,-14.0,0.0,88.65,0.85,-1.4,0.0,0,1.387,0.04,-0.034,0.0,17.48,1.49,-3.24,0.0,0.029095982841969,0.0015,-0.0015,0.0,,,,,<a refstr=G_UUML_NTHER_ET_AL__2019 href=https://ui.adsabs.harvard.edu/abs/2019NatAs...3.1099G/abstract target=ref>G&uuml;nther et al. 2019</a>,M3.0 V,3386.0,137.0,-131.0,0.0,0.38,0.02,-0.02,0.0,0.4,0.02,-0.02,0.0,-0.17,0.1,-0.1,0.0,[Fe/H],4.87,0.03,-0.03,0.0,<a refstr=STASSUN_ET_AL__2019 href=https://ui.adsabs.harvard.edu/abs/2019AJ....158..138S/abstract target=ref>TICv8</a>,04h33m39.86s,68.4160804,-51d57m26.62s,-51.9573937,22.4793,0.01355,-0.01355,12.603,0.039,-0.039,9.099,0.032,-0.032,8.531,0.073,-0.073,8.251,0.029,-0.029,11.6306,0.000476,-0.000476,2024-03-04,2023-03,2024-03-04,,,,,2023-03-01,581.0,0.0008465762175401,0.19,12.851309312824842,1.0,0.8812621922421802,33.74909408537233,3.2398090326418783,1.58,-0.26,0.26,1.58,10.656914432811071,0.8336747618791946,12.8035041394176,0.08478524794832976,-0.7207737889165626,-0.32297941061633106
4204,TRAPPIST-1 c,TRAPPIST-1,1,1,7,Transit,2016,La Silla Observatory,1,Published Confirmed,0,<a refstr=AGOL_ET_AL__2021 href=https://ui.adsabs.harvard.edu/abs/2021PSJ.....2....1A/abstract target=ref>Agol et al. 2021</a>,2.421937,1.8e-05,-1.8e-05,0.0,0.0158,0.00013,-0.00013,0.0,1.097,0.014,-0.012,0.0,0.098,0.001,-0.001,0.0,1.308,0.056,-0.056,0.0,0.00412,0.00018,-0.00018,0.0,Mass,0.00654,0.00188,-0.00188,0.0,2.21,0.09,-0.09,0.0,339.7,3.3,-3.3,0.0,89.778,0.118,-0.118,0.0,1,0.7005,0.0022,-0.0022,0.0,28.549,0.129,-0.212,0.0,0.0838097803171865,0.00038,-0.00038,0.0,,,,,<a refstr=AGOL_ET_AL__2021 href=https://ui.adsabs.harvard.edu/abs/2021PSJ.....2....1A/abstract target=ref>Agol et al. 2021</a>,,2566.0,26.0,-26.0,0.0,0.12,0.0,-0.0,0.0,0.09,0.0,-0.0,0.0,0.053,0.088,-0.088,0.0,[Fe/H],5.24,0.01,-0.01,0.0,<a refstr=STASSUN_ET_AL__2019 href=https://ui.adsabs.harvard.edu/abs/2019AJ....158..138S/abstract target=ref>TICv8</a>,23h06m30.33s,346.6263919,-05d02m36.46s,-5.0434618,,,,17.02,0.2,-0.2,11.354,0.022,-0.022,10.718,0.021,-0.021,10.296,0.023,-0.023,15.6451,0.001448,-0.001448,2022-11-14,2021-02,2022-11-14,0.5,,,-1.0,2021-02-01,338.95563973295435,0.007024079276815,0.19,24.19614129489772,1.0,1.0,45.78352127918276,1.7138250408120377,1.308,-0.056,0.056,1.308,10.662609304068694,0.9459564530468751,12.214466840886912,0.06656970670275908,-0.685651568141429,-0.47090068443068644
3649,LTT 1445 A c,LTT 1445 A,0,3,2,Transit,2022,Transiting Exoplanet Survey Satellite (TESS),1,Published Confirmed,0,<a refstr=PASS_ET_AL__2023 href=https://ui.adsabs.harvard.edu/abs/2023AJ....166..171P/abstract target=ref>Pass et al. 2023</a>,3.1238994,3.1e-06,-3.3e-06,0.0,0.02659,0.00047,-0.00049,0.0,1.07,0.1,-0.07,0.0,0.095,0.009,-0.006,0.0,1.37,0.19,-0.19,0.0,0.00431,0.0006,-0.0006,0.0,Mass,0.223,,,1.0,11.7,2.7,-2.3,0.0,516.0,28.0,-27.0,0.0,87.46,0.13,-0.21,0.0,0,0.5042,0.0218,-0.0211,0.0,21.56,0.78,-0.82,0.0,0.036332002406316,0.0019,-0.0016,0.0,,,,,<a refstr=PASS_ET_AL__2023 href=https://ui.adsabs.harvard.edu/abs/2023AJ....166..171P/abstract target=ref>Pass et al. 2023</a>,,3340.0,150.0,-150.0,0.0,0.27,0.02,-0.01,0.0,0.26,0.01,-0.01,0.0,-0.34,0.09,-0.09,0.0,[Fe/H],,,,,<a refstr=STASSUN_ET_AL__2019 href=https://ui.adsabs.harvard.edu/abs/2019AJ....158..138S/abstract target=ref>TICv8</a>,03h01m50.99s,45.4624781,-16d35m40.18s,-16.5944956,6.86929,0.003805,-0.003805,10.59,0.046,-0.046,7.294,0.024,-0.024,6.774,0.038,-0.038,6.496,0.021,-0.021,10.0469,0.001234,-0.001234,2024-07-22,2023-10,2024-07-22,,,,,2023-10-01,514.1516825413346,0.0013200143988525,0.19,41.66276603987939,0.5825090353050478,0.3632104056983586,35.66155204032053,7.68170336507146,1.37,-0.19,0.19,1.37,11.738754476373483,1.0619049280208175,12.657337235800194,0.053333433579302536,-0.7694515381624316,-0.4205365936646498
3786,TOI-1416 b,TOI-1416,1,1,1,Transit,2023,Transiting Exoplanet Survey Satellite (TESS),1,Published Confirmed,0,<a refstr=DEEG_ET_AL__2023 href=https://ui.adsabs.harvard.edu/abs/2023arXiv230518542D/abstract target=ref>Deeg et al. 2023</a>,1.0697568,2.8e-06,-2.8e-06,0.0,0.019,0.0003,-0.0003,0.0,1.62,0.08,-0.08,0.0,0.145,0.007,-0.007,0.0,3.48,0.47,-0.47,0.0,0.01095,0.00148,-0.00148,0.0,Mass,0.0,,,0.0,883.0,96.0,-96.0,0.0,1517.0,39.0,-39.0,0.0,85.7,1.7,-1.4,0.0,0,1.5,0.035,-0.035,0.0,5.14,0.24,-0.24,0.0,0.0187999737992696,0.00054,-0.00054,0.0,,,,,<a refstr=DEEG_ET_AL__2023 href=https://ui.adsabs.harvard.edu/abs/2023arXiv230518542D/abstract target=ref>Deeg et al. 2023</a>,G9 V,4884.0,70.0,-70.0,0.0,0.79,0.04,-0.03,0.0,0.8,0.04,-0.04,0.0,0.08,0.05,-0.05,0.0,[Fe/H],4.52,0.05,-0.05,0.0,<a refstr=STASSUN_ET_AL__2019 href=https://ui.adsabs.harvard.edu/abs/2019AJ....158..138S/abstract target=ref>TICv8</a>,14h27m41.64s,216.9234892,+41d57m10.75s,41.9529862,55.0135,0.0775,-0.0772,9.91,0.03,-0.03,8.266,0.024,-0.024,7.815,0.017,-0.017,7.708,0.024,-0.024,9.65254,0.000226,-0.000226,2023-06-12,2023-05,2023-06-12,6.9,0.1,-0.1,0.0,2023-05-01,1515.426829400932,0.0003534390148532,1.26,83.06482109624515,0.8862552725301952,0.7069638587798082,78.69466511803283,9.700689050625378,3.48,-0.47,0.47,3.48,13.008230452674896,0.6549336502814043,16.394798046968013,-0.020012438095699192,-1.3447872252148645,-0.17217595077564196
84,GJ 1132 b,GJ 1132,1,1,2,Transit,2015,Cerro Tololo Inter-American Observatory,1,Published Confirmed,0,<a refstr=XUE_ET_AL__2024 href=https://ui.adsabs.harvard.edu/abs/2024arXiv240813340X/abstract target=ref>Xue et al. 2024</a>,1.62892911,2.9e-07,-3e-07,0.0,0.0157,0.00013,-0.00013,0.0,1.192,0.038,-0.045,0.0,0.106,0.003,-0.004,0.0,1.83705,0.1907,-0.18752,0.0,0.00578,0.0006,-0.00059,0.0,Mass,0.0118,0.047,-0.0099,0.0,19.3,1.5,-1.1,0.0,583.8,11.0,-8.5,0.0,88.16,0.19,-0.18,0.0,0,0.76646,0.00214,-0.00216,0.0,15.26,0.59,-0.45,0.0,0.0496732865524586,0.00015,-0.00015,0.0,,,,,<a refstr=XUE_ET_AL__2024 href=https://ui.adsabs.harvard.edu/abs/2024arXiv240813340X/abstract target=ref>Xue et al. 2024</a>,M4.5 V,3229.0,78.0,-62.0,0.0,0.22,0.01,-0.01,0.0,0.19,0.0,-0.0,0.0,-0.17,0.15,-0.15,0.0,[Fe/H],5.04,0.03,-0.03,0.0,<a refstr=STASSUN_ET_AL__2019 href=https://ui.adsabs.harvard.edu/abs/2019AJ....158..138S/abstract target=ref>TICv8</a>,10h14m50.18s,153.7090696,-47d09m17.77s,-47.1549358,12.613,0.007,-0.007,13.68,0.2,-0.2,9.245,0.026,-0.026,8.666,0.031,-0.031,8.322,0.027,-0.027,12.138,0.000387,-0.000387,2024-09-03,2024-08,2024-09-03,5.0,,,-1.0,2024-08-01,582.685382291061,0.0024674353969226,0.19,29.857273871378226,1.0,0.9049807602973052,105.67849662341922,9.818472285573192,1.83705,-0.18752,0.1907,1.83705,12.683452110828341,0.98052564500273,13.886612516761167,-0.10882587054378723,-0.9956951887433239,-0.2562467812878302
4044,TOI-431 b,TOI-431,0,1,3,Transit,2021,Transiting Exoplanet Survey Satellite (TESS),1,Published Confirmed,0,<a refstr=KOKORI_ET_AL__2023 href=https://ui.adsabs.harvard.edu/abs/2023ApJS..265....4K/abstract target=ref>Kokori et al. 2023</a>,0.490052,2.2e-06,-2.2e-06,0.0,0.0113,0.0002,-0.0003,0.0,1.28,0.04,-0.04,0.0,0.114,0.004,-0.004,0.0,3.07,0.35,-0.35,0.0,0.00966,0.0011,-0.0011,0.0,Mass,0.0,,,0.0,1970.7612205785545,,,,1862.0,42.0,-42.0,0.0,84.3,1.1,-1.3,0.0,1,,,,,3.42,1.71,-1.12,0.0,0.0160752016791996,0.001,-0.001,0.0,,,,,<a refstr=OSBORN_ET_AL__2021 href=https://ui.adsabs.harvard.edu/abs/2021MNRAS.507.2782O/abstract target=ref>Osborn et al. 2021</a>,,4850.0,75.0,-75.0,0.0,0.73,0.02,-0.02,0.0,0.78,0.07,-0.07,0.0,0.2,0.05,-0.05,0.0,[Fe/H],4.6,0.06,-0.06,0.0,<a refstr=STASSUN_ET_AL__2019 href=https://ui.adsabs.harvard.edu/abs/2019AJ....158..138S/abstract target=ref>TICv8</a>,05h33m04.62s,83.2692502,-26d43m25.93s,-26.7238698,32.5686,0.0312,-0.0311,9.12,0.03,-0.03,7.305,0.026,-0.026,6.846,0.029,-0.029,6.723,0.021,-0.021,8.79171,0.000543,-0.000543,2024-03-04,2023-03,2024-03-04,,,,,2023-03-01,1862.0,0.0002584121090269,0.19,15.688415786642851,0.5857214211056054,0.4228326165221431,80.81998844553827,15.681083818088473,3.07,-0.35,0.35,3.07,18.38177490234375,1.1989672625078958,17.32360048659802,-0.12501013374189318,-1.664939840339991,-0.4242790139076327
3794,TOI-1444 b,TOI-1444,1,1,1,Transit,2021,Transiting Exoplanet Survey Satellite (TESS),1,Published Confirmed,0,<a refstr=POLANSKI_ET_AL__2024 href=https://ui.adsabs.harvard.edu/abs/2024ApJS..272...32P/abstract target=ref>Polanski et al. 2024</a>,0.4702743,1.1e-06,-1.1e-06,0.0,0.0116,0.0002,-0.0002,0.0,1.418,0.047,-0.041,0.0,0.126,0.004,-0.004,0.0,3.58,0.76,-0.75,0.0,0.01126,0.00239,-0.00236,0.0,Mass,0.0,,,0.0,4967.805024,,,,2130.01904707,33.4671771296,-33.1735552721,0.0,82.0,3.0,-2.0,0.0,0,1.282804,0.0221355,-0.0153897,0.0,2.73,0.078,-0.074,0.0,0.0142857866296417,0.0004,-0.00034,0.0,,,,,<a refstr=MACDOUGALL_ET_AL__2023 href=https://ui.adsabs.harvard.edu/abs/2023AJ....166...33M/abstract target=ref>MacDougall et al. 2023</a>,,5460.0,66.0,-66.0,0.0,0.91,0.02,-0.01,0.0,0.95,0.03,-0.03,0.0,0.146,0.057,-0.059,0.0,[Fe/H],4.5,0.02,-0.02,0.0,<a refstr=STASSUN_ET_AL__2019 href=https://ui.adsabs.harvard.edu/abs/2019AJ....158..138S/abstract target=ref>TICv8</a>,20h21m53.98s,305.4749252,+70d56m37.34s,70.9437054,125.463,0.337,-0.335,10.936,0.009,-0.009,9.465,0.024,-0.024,9.087,0.03,-0.03,9.061,0.021,-0.021,10.6417,0.000261,-0.000261,2024-07-23,2024-06,2024-07-23,3.8,2.5,-2.1,0.0,2024-06-01,2130.01904707,0.0002040836996276,0.19,4.979663188660056,1.0,1.0,67.77400542803852,4.480437724785232,3.58,-0.75,0.76,3.58,17.46624598900695,0.9972260054030703,17.773679907717135,-0.15185991749966066,-1.7197227051912083,-0.5269749574800344
3650,LTT 3780 b,LTT 3780,1,2,2,Transit,2020,Transiting Exoplanet Survey Satellite (TESS),1,Published Confirmed,0,<a refstr=BONFANTI_ET_AL__2024 href=https://ui.adsabs.harvard.edu/abs/2024A&A...682A..66B/abstract target=ref>Bonfanti et al. 2024</a>,0.76837931,3.9e-07,-4.2e-07,0.0,0.01195,0.00028,-0.00029,0.0,1.325,0.057,-0.058,0.0,0.118,0.005,-0.005,0.0,2.46,0.19,-0.19,0.0,0.00774,0.0006,-0.0006,0.0,Mass,0.0,0.027,-0.018,0.0,111.0,13.0,-12.0,0.0,903.0,26.0,-26.0,0.0,86.1,0.92,-0.68,0.0,0,0.7883,0.012,-0.012,0.0,6.79,0.29,-0.25,0.0,0.0319669794905547,0.00068,-0.00072,0.0,,,,,<a refstr=BONFANTI_ET_AL__2024 href=https://ui.adsabs.harvard.edu/abs/2024A&A...682A..66B/abstract target=ref>Bonfanti et al. 2024</a>,M3.5 V,3358.0,92.0,-92.0,0.0,0.38,0.01,-0.01,0.0,0.38,0.02,-0.03,0.0,0.06,0.11,-0.11,0.0,[Fe/H],4.85,0.11,-0.11,0.0,<a refstr=STASSUN_ET_AL__2019 href=https://ui.adsabs.harvard.edu/abs/2019AJ....158..138S/abstract target=ref>TICv8</a>,10h18m34.78s,154.6449033,-11d43m04.08s,-11.717801,21.9814,0.0403,-0.0402,13.14,0.035,-0.035,9.007,0.03,-0.03,8.439,0.065,-0.065,8.204001,0.021,-0.021,11.8465,0.000477,-0.000477,2024-03-26,2024-02,2024-03-26,3.1,6.2,-0.98,0.0,2024-02-01,902.3510761535508,0.0010218877777495,0.19,17.736767617517984,1.0,0.8656795810932391,133.27466622732194,13.07388606009846,2.46,-0.19,0.19,2.46,13.745873976504095,0.904736664188675,15.241705679731323,-0.15549261178299578,-1.2711966796397456,-0.36157182062599724
3822,TOI-1685 b,TOI-1685,1,1,1,Transit,2021,Transiting Exoplanet Survey Satellite (TESS),1,Published Confirmed,0,<a refstr=BURT_ET_AL__2024 href=https://ui.adsabs.harvard.edu/abs/2024arXiv240514895B/abstract target=ref>Burt et al. 2024</a>,0.66913924,4.2e-07,-4.2e-07,0.0,0.01138,0.00035,-0.00034,0.0,1.468,0.05,-0.051,0.0,0.131,0.004,-0.005,0.0,3.03,0.33,-0.32,0.0,0.00953,0.00104,-0.00101,0.0,Mass,0.0,,,0.0,236.0,15.0,-15.0,0.0,1062.0,27.0,-27.0,0.0,87.17,0.81,-0.7,0.0,0,0.918,0.015,-0.015,0.0,5.158,0.019,-0.018,0.0,0.0292575222953421,0.00057,-0.00061,0.0,,,,,<a refstr=BURT_ET_AL__2024 href=https://ui.adsabs.harvard.edu/abs/2024arXiv240514895B/abstract target=ref>Burt et al. 2024</a>,M2.65 V,3575.0,53.0,-53.0,0.0,0.46,0.01,-0.01,0.0,0.45,0.02,-0.02,0.0,0.3,0.1,-0.1,0.0,[Fe/H],4.85,0.04,-0.04,0.0,<a refstr=STASSUN_ET_AL__2019 href=https://ui.adsabs.harvard.edu/abs/2019AJ....158..138S/abstract target=ref>TICv8</a>,04h34m22.55s,68.5939529,+43d02m13.34s,43.0370395,37.6153,0.0728,-0.0725,13.378,0.028,-0.028,9.616,0.022,-0.022,9.005,0.023,-0.023,8.758,0.02,-0.02,12.2956,0.000308,-0.000308,2024-08-07,2024-05,2024-08-07,1.0,0.3,-0.3,0.0,2024-05-01,1089.614306053548,0.0008560026108624,0.19,12.191194847261336,1.0,1.055339323319913,153.68358579672167,11.681127848593894,3.03,-0.32,0.33,3.03,13.793025042876552,0.7866236545547018,16.07060560775424,-0.1561675368892801,-1.4345594130147095,-0.4458082825899903
4203,TRAPPIST-1 b,TRAPPIST-1,1,1,7,Transit,2016,La Silla Observatory,1,Published Confirmed,0,<a refstr=AGOL_ET_AL__2021 href=https://ui.adsabs.harvard.edu/abs/2021PSJ.....2....1A/abstract target=ref>Agol et al. 2021</a>,1.510826,6e-06,-6e-06,0.0,0.01154,0.0001,-0.0001,0.0,1.116,0.014,-0.012,0.0,0.1,0.001,-0.001,0.0,1.374,0.069,-0.069,0.0,0.00432,0.00022,-0.00022,0.0,Mass,0.00622,0.00304,-0.00304,0.0,4.15,0.16,-0.16,0.0,397.6,3.8,-3.8,0.0,89.728,0.165,-0.165,0.0,1,0.601,0.0018,-0.0018,0.0,20.843,0.094,-0.155,0.0,0.0852613626563174,0.00037,-0.00037,0.0,,,,,<a refstr=AGOL_ET_AL__2021 href=https://ui.adsabs.harvard.edu/abs/2021PSJ.....2....1A/abstract target=ref>Agol et al. 2021</a>,,2566.0,26.0,-26.0,0.0,0.12,0.0,-0.0,0.0,0.09,0.0,-0.0,0.0,0.053,0.088,-0.088,0.0,[Fe/H],5.24,0.01,-0.01,0.0,<a refstr=STASSUN_ET_AL__2019 href=https://ui.adsabs.harvard.edu/abs/2019AJ....158..138S/abstract target=ref>TICv8</a>,23h06m30.33s,346.6263919,-05d02m36.46s,-5.0434618,,,,17.02,0.2,-0.2,11.354,0.022,-0.022,10.718,0.021,-0.021,10.296,0.023,-0.023,15.6451,0.001448,-0.001448,2022-11-14,2021-02,2022-11-14,0.5,,,-1.0,2021-02-01,396.7864383380963,0.007269499962012,0.19,28.38924089707209,1.0,1.0,100.96036065278244,3.7792723098130714,1.374,-0.069,0.069,1.374,10.822493929934094,0.9383849357780861,12.411813055827507,-0.16375885723880562,-0.9382164853653465,-0.6590457847802867
4396,Wolf 327 b,Wolf 327,1,1,1,Transit,2024,Transiting Exoplanet Survey Satellite (TESS),1,Published Confirmed,0,<a refstr=MURGAS_ET_AL__2024 href=https://ui.adsabs.harvard.edu/abs/2024arXiv240112150M/abstract target=ref>Murgas et al. 2024</a>,0.5734745,3e-07,-3e-07,0.0,0.01,0.0004,-0.0004,0.0,1.24,0.06,-0.06,0.0,0.111,0.005,-0.005,0.0,2.53,0.46,-0.46,0.0,0.00796,0.00145,-0.00145,0.0,Mass,0.0,,,0.0,233.9,18.3,-18.3,0.0,996.0,22.0,-22.0,0.0,84.89,0.41,-0.38,0.0,0,,,,,5.3,0.06,-0.06,0.0,0.0277272724085584,0.0007,-0.0007,0.0,,,,,<a refstr=MURGAS_ET_AL__2024 href=https://ui.adsabs.harvard.edu/abs/2024arXiv240112150M/abstract target=ref>Murgas et al. 2024</a>,M2.5 V,3542.0,70.0,-70.0,0.0,0.41,0.01,-0.01,0.0,0.41,0.02,-0.02,0.0,-0.17,0.04,-0.04,0.0,[Fe/H],4.87,0.05,-0.05,0.0,<a refstr=STASSUN_ET_AL__2019 href=https://ui.adsabs.harvard.edu/abs/2019AJ....158..138S/abstract target=ref>TICv8</a>,09h53m30.80s,148.3783199,+35d34m13.97s,35.570548,28.5321,0.0512,-0.0512,13.018,0.062,-0.062,9.308,0.022,-0.022,8.682,0.021,-0.021,8.435,0.017,-0.017,11.9522,0.000646,-0.000646,2024-02-05,2024-01,2024-02-05,4.1,3.2,-2.4,0.0,2024-01-01,1087.182245354918,0.0007688016352184,0.19,12.735991870941763,1.0,0.9431727218179008,139.06879231695922,12.265548537498312,2.53,-0.46,0.46,2.53,16.141584287200832,1.1292581005430713,15.978035239299707,-0.26210154907241545,-1.5019165933737648,-0.5410780876232755
92,GJ 3473 b,GJ 3473,1,2,2,Transit,2020,Transiting Exoplanet Survey Satellite (TESS),1,Published Confirmed,0,<a refstr=KEMMER_ET_AL__2020 href=https://ui.adsabs.harvard.edu/abs/2020A&A...642A.236K/abstract target=ref>Kemmer et al. 2020</a>,1.1980035,1.8e-06,-1.9e-06,0.0,0.01589,0.00062,-0.00062,0.0,1.264,0.05,-0.049,0.0,0.113,0.004,-0.004,0.0,1.86,0.3,-0.3,0.0,0.00585,0.00094,-0.00094,0.0,Mass,0.0,,,0.0,59.4,5.0,-4.5,0.0,773.0,16.0,-15.0,0.0,87.95,0.47,-0.45,0.0,0,0.95,0.015,-0.014,0.0,9.39,0.19,-0.21,0.0,0.0321894750291473,0.00069,-0.00067,0.0,,,,,<a refstr=KEMMER_ET_AL__2020 href=https://ui.adsabs.harvard.edu/abs/2020A&A...642A.236K/abstract target=ref>Kemmer et al. 2020</a>,,3347.0,54.0,-54.0,0.0,0.36,0.01,-0.01,0.0,0.36,0.02,-0.02,0.0,0.11,0.19,-0.19,0.0,[Fe/H],4.81,0.06,-0.06,0.0,<a refstr=STASSUN_ET_AL__2019 href=https://ui.adsabs.harvard.edu/abs/2019AJ....158..138S/abstract target=ref>TICv8</a>,08h02m22.47s,120.5936065,+03d20m13.79s,3.3371629,27.3644,0.0376,-0.0376,13.74,0.027,-0.027,9.627,0.023,-0.023,9.063,0.022,-0.022,8.829001,0.024,-0.024,12.465,0.000343,-0.000343,2020-10-16,2020-10,2020-10-22,,,,,2020-10-01,771.7762452717325,0.001036162302652,0.19,14.58707729408007,1.0,1.0,93.45480599374994,6.874778853679449,1.86,-0.3,0.3,1.86,11.420570621695243,0.8303140737195362,13.569282737774722,-0.3027873318573717,-1.2287939038019693,-0.545504696897319
3796,TOI-1450 A b,TOI-1450 A,1,2,2,Transit,2024,Transiting Exoplanet Survey Satellite (TESS),1,Published Confirmed,0,<a refstr=BRADY_ET_AL__2024 href=https://ui.adsabs.harvard.edu/abs/2024arXiv240510400B/abstract target=ref>Brady et al. 2024</a>,2.0439274,1e-06,-1e-06,0.0,,,,,1.13,0.043,-0.043,0.0,0.101,0.004,-0.004,0.0,1.258,0.128,-0.128,0.0,0.00396,0.0004,-0.0004,0.0,Mass,,,,,46.09755398968762,,,,722.0,35.0,-35.0,0.0,86.245,0.237,-0.237,0.0,0,0.988,0.013,-0.013,0.0,11.23,0.37,-0.37,0.0,0.0215827374107613,,,,,,,,<a refstr=BRADY_ET_AL__2024 href=https://ui.adsabs.harvard.edu/abs/2024arXiv240510400B/abstract target=ref>Brady et al. 2024</a>,M3.0 V,3437.0,86.0,-86.0,0.0,0.48,0.03,-0.03,0.0,0.48,0.02,-0.02,0.0,-0.12,0.17,-0.17,0.0,[Fe/H],4.76,0.04,-0.04,0.0,<a refstr=STASSUN_ET_AL__2019 href=https://ui.adsabs.harvard.edu/abs/2019AJ....158..138S/abstract target=ref>TICv8</a>,19h07m24.98s,286.8540627,+59d05m11.85s,59.0866254,22.4467,0.0132,-0.0131,12.28,0.2,-0.2,8.457,0.021,-0.021,7.82,0.033,-0.033,7.565,0.017,-0.017,11.2394,0.000676,-0.000676,2024-06-10,2024-05,2024-06-10,,,,,2024-05-01,722.0,0.0004658145541418,0.19,13.898342603039794,0.9506715604676372,0.6631507335862499,34.150689132864564,4.4963153607145605,1.258,-0.128,0.128,1.258,9.66479755658235,0.8370786677383829,11.802528436076638,-0.3684011662611406,-1.1225023640330538,-1.057694840131621
3645,LP 791-18 d,LP 791-18,1,1,3,Transit,2023,Spitzer Space Telescope,1,Published Confirmed,0,<a refstr=PETERSON_ET_AL__2023 href=https://www.nature.com/articles/s41586-023-05934-8 target=ref>Peterson et al. 2023</a>,2.753436,1.3e-05,-1.3e-05,0.0,0.01992,0.00024,-0.00024,0.0,1.032,0.044,-0.043,0.0,0.092,0.004,-0.004,0.0,0.9,0.5,-0.4,0.0,0.00283,0.00157,-0.00126,0.0,Mass,0.0015,0.00014,-0.00014,0.0,5.83,0.15,-0.14,0.0,395.5,2.6,-2.3,0.0,89.34,0.41,-0.41,0.0,1,0.9152,0.025,-0.0252,0.0,23.793333333333337,,,,0.0525625604906329,0.0009,-0.0009,0.0,,,,,<a refstr=PETERSON_ET_AL__2023 href=https://www.nature.com/articles/s41586-023-05934-8 target=ref>Peterson et al. 2023</a>,M(6.1 +/- 0.7) V,2960.0,55.0,-55.0,0.0,0.18,0.01,-0.01,0.0,0.14,0.01,-0.01,0.0,-0.09,0.19,-0.19,0.0,[Fe/H],5.12,0.09,-0.09,0.0,<a refstr=STASSUN_ET_AL__2019 href=https://ui.adsabs.harvard.edu/abs/2019AJ....158..138S/abstract target=ref>TICv8</a>,11h02m45.72s,165.6904843,-16d24m23.20s,-16.4064445,26.4927,0.064,-0.0638,16.91,0.2,-0.2,11.559,0.024,-0.024,10.993,0.022,-0.022,10.644,0.023,-0.023,15.0715,0.001324,-0.001324,2023-05-14,2023-05,2023-05-14,0.5,,,-1.0,2023-05-01,431.978303576889,0.0027628227653314,0.19,15.089231021363288,1.0,1.0,45.25954191959983,1.4433360073923018,0.9,-0.4,0.5,0.9,8.289954029204976,0.8290218010402282,10.446128472093571,-0.47295421182188446,-1.0733841754851576,-1.2532861858797006
4205,TRAPPIST-1 d,TRAPPIST-1,1,1,7,Transit,2016,La Silla Observatory,1,Published Confirmed,0,<a refstr=AGOL_ET_AL__2021 href=https://ui.adsabs.harvard.edu/abs/2021PSJ.....2....1A/abstract target=ref>Agol et al. 2021</a>,4.049219,2.6e-05,-2.6e-05,0.0,0.02227,0.00019,-0.00019,0.0,0.788,0.011,-0.01,0.0,0.07,0.001,-0.001,0.0,0.388,0.012,-0.012,0.0,0.00122,4e-05,-4e-05,0.0,Mass,0.00837,0.00093,-0.00093,0.0,1.11,0.04,-0.04,0.0,286.2,2.8,-2.8,0.0,89.896,0.077,-0.077,0.0,1,0.8145,0.004,-0.004,0.0,40.216,0.182,-0.299,0.0,0.06020246753869,0.00052,-0.00052,0.0,,,,,<a refstr=AGOL_ET_AL__2021 href=https://ui.adsabs.harvard.edu/abs/2021PSJ.....2....1A/abstract target=ref>Agol et al. 2021</a>,,2566.0,26.0,-26.0,0.0,0.12,0.0,-0.0,0.0,0.09,0.0,-0.0,0.0,0.053,0.088,-0.088,0.0,[Fe/H],5.24,0.01,-0.01,0.0,<a refstr=STASSUN_ET_AL__2019 href=https://ui.adsabs.harvard.edu/abs/2019AJ....158..138S/abstract target=ref>TICv8</a>,23h06m30.33s,346.6263919,-05d02m36.46s,-5.0434618,,,,17.02,0.2,-0.2,11.354,0.022,-0.022,10.718,0.021,-0.021,10.296,0.023,-0.023,15.6451,0.001448,-0.001448,2022-11-14,2021-02,2022-11-14,,,,,2021-02-01,285.34846497492697,0.003624337097747,0.19,25.45151134015967,1.0,1.0,8.953388822494263,0.3351542549675894,0.388,-0.012,0.012,0.388,6.129828132649643,0.8958040232742488,7.849223776005517,-0.4973137633083211,-1.0321479044111683,-1.5040040985093408
98,GJ 806 b,GJ 806,1,1,2,Transit,2023,Transiting Exoplanet Survey Satellite (TESS),1,Published Confirmed,0,<a refstr=PALLE_ET_AL__2023 href=https://ui.adsabs.harvard.edu/abs/2023A&A...678A..80P/abstract target=ref>Palle et al. 2023</a>,0.9263237,9e-07,-9e-07,0.0,0.01406,0.0003,-0.0003,0.0,1.331,0.023,-0.023,0.0,0.119,0.002,-0.002,0.0,1.9,0.17,-0.17,0.0,0.00598,0.00053,-0.00053,0.0,Mass,,,,,130.0,6.0,-6.0,0.0,940.0,10.0,-10.0,0.0,87.7,0.6,-0.5,0.0,0,0.93,0.01,-0.01,0.0,7.3,0.13,-0.13,0.0,0.0297620964320898,0.0004,-0.0004,0.0,,,,,<a refstr=PALLE_ET_AL__2023 href=https://ui.adsabs.harvard.edu/abs/2023A&A...678A..80P/abstract target=ref>Palle et al. 2023</a>,M1.5 V,3600.0,16.0,-16.0,0.0,0.41,0.0,-0.0,0.0,0.41,0.01,-0.01,0.0,-0.28,0.07,-0.07,0.0,[Fe/H],4.98,0.12,-0.12,0.0,<a refstr=STASSUN_ET_AL__2019 href=https://ui.adsabs.harvard.edu/abs/2019AJ....158..138S/abstract target=ref>TICv8</a>,20h45m04.73s,311.2697002,+44d30m00.85s,44.5002351,12.0445,0.00435,-0.00435,10.79,0.1,-0.1,7.329,0.018,-0.018,6.769,0.023,-0.023,6.533,0.016,-0.016,9.82461,0.000759,-0.000759,2023-11-28,2023-10,2023-11-28,5.0,3.0,-4.0,0.0,2023-10-01,938.7082483570802,0.000885782384033,0.19,45.05023771830294,0.59274814764633,0.3727788847166307,115.2412574937624,24.4042396303166,1.9,-0.17,0.17,1.9,10.521229582272358,0.723153381290377,13.364777391390524,-0.6118043487773894,-1.5065064710499865,-0.9349816995668567
4113,TOI-544 b,TOI-544,1,1,2,Transit,2022,Transiting Exoplanet Survey Satellite (TESS),1,Published Confirmed,0,<a refstr=OSBORNE_ET_AL__2023 href=https://ui.adsabs.harvard.edu/abs/2023arXiv231014908O/abstract target=ref>Osborne et al. 2023</a>,1.548352,2e-06,-2e-06,0.0,0.0225,0.0002,-0.0002,0.0,2.018,0.076,-0.076,0.0,0.18,0.007,-0.007,0.0,2.89,0.48,-0.48,0.0,0.00909,0.00151,-0.00151,0.0,Mass,0.0,,,0.0,206.72274778916983,,,,999.0,14.0,-14.0,0.0,,,,,0,1.21,0.03,-0.03,0.0,7.802419354838709,,,,0.0298399982380243,0.0007,-0.0007,0.0,,,,,<a refstr=OSBORNE_ET_AL__2023 href=https://ui.adsabs.harvard.edu/abs/2023arXiv231014908O/abstract target=ref>Osborne et al. 2023</a>,,4169.0,70.0,-70.0,0.0,0.62,0.01,-0.01,0.0,0.63,0.02,-0.02,0.0,-0.17,0.09,-0.09,0.0,[Fe/H],4.68,0.12,-0.12,0.0,<a refstr=STASSUN_ET_AL__2019 href=https://ui.adsabs.harvard.edu/abs/2019AJ....158..138S/abstract target=ref>TICv8</a>,05h29m09.62s,82.2900716,-00d20m34.43s,-0.3428983,41.1166,0.0736,-0.0732,10.777,0.017,-0.017,8.592,0.026,-0.026,8.027,0.051,-0.051,7.8,0.02,-0.02,10.4143,0.00059,-0.00059,2023-12-18,2023-10,2023-12-18,9.0,7.0,-7.0,0.0,2023-10-01,999.0,0.0008904254948452,1.26,178.0812917684495,0.9971384329513784,0.7356116444719728,109.99701677825034,12.996852764276536,2.89,-0.48,0.48,2.89,6.961847829396681,0.2919687403104114,13.386353735117888,-0.6286162554619756,-1.4591525560127936,-0.7917294437614397
3850,TOI-178 b,TOI-178,1,1,6,Transit,2021,Transiting Exoplanet Survey Satellite (TESS),1,Published Confirmed,0,<a refstr=LELEU_ET_AL__2021 href=https://ui.adsabs.harvard.edu/abs/2021A&A...649A..26L/abstract target=ref>Leleu et al. 2021</a>,1.914558,1.8e-05,-1.8e-05,0.0,0.02607,0.00078,-0.00078,0.0,1.152,0.073,-0.07,0.0,0.103,0.007,-0.006,0.0,1.5,0.39,-0.44,0.0,0.00472,0.00123,-0.00138,0.0,Mass,,,,,195.00183885347408,,,,1040.0,22.0,-21.0,0.0,88.8,0.8,-1.3,0.0,0,1.692,0.056,-0.086,0.0,8.61,0.21,-0.22,0.0,0.0162483192357448,0.00097,-0.00097,0.0,,,,,<a refstr=LELEU_ET_AL__2021 href=https://ui.adsabs.harvard.edu/abs/2021A&A...649A..26L/abstract target=ref>Leleu et al. 2021</a>,K,4316.0,70.0,-70.0,0.0,0.65,0.01,-0.01,0.0,0.65,0.03,-0.03,0.0,-0.23,0.05,-0.05,0.0,[Fe/H],4.45,0.15,-0.15,0.0,<a refstr=STASSUN_ET_AL__2019 href=https://ui.adsabs.harvard.edu/abs/2019AJ....158..138S/abstract target=ref>TICv8</a>,00h29m12.48s,7.3020115,-30d27m14.82s,-30.4541159,62.699,0.2074,-0.2061,11.955,0.035,-0.035,9.372,0.021,-0.021,8.761,0.023,-0.023,8.656,0.021,-0.021,11.1523,0.00089,-0.00089,2021-03-12,2021-05,2021-03-18,7.1,6.1,-5.3,0.0,2021-05-01,1040.0,0.0002640078779866,0.19,6.365410338642867,1.0,1.019438340043357,33.97596798750924,2.7066314944243115,1.5,-0.44,0.39,1.5,11.088053385416668,0.9168146359529851,12.764192539833916,-0.7066844625467514,-1.4844698123500013,-0.9961009490134094
3865,TOI-1807 b,TOI-1807,1,1,1,Transit,2021,Transiting Exoplanet Survey Satellite (TESS),1,Published Confirmed,0,<a refstr=POLANSKI_ET_AL__2024 href=https://ui.adsabs.harvard.edu/abs/2024ApJS..272...32P/abstract target=ref>Polanski et al. 2024</a>,0.54937097,7.2e-07,-7.2e-07,0.0,0.0122,0.0002,-0.0002,0.0,1.497,0.081,-0.068,0.0,0.134,0.007,-0.006,0.0,2.44,0.6,-0.57,0.0,0.00768,0.00189,-0.00179,0.0,Mass,0.0,,,0.0,1682.2583047767864,,,,1694.09703376,32.347582782,-32.4667110864,0.0,82.0,2.0,-2.0,0.0,0,0.9772115,0.0204535,-0.0186458,0.0,3.8,0.2,-0.2,0.0,0.0182991053615064,0.00085,-0.00065,0.0,,,,,<a refstr=MACDOUGALL_ET_AL__2023 href=https://ui.adsabs.harvard.edu/abs/2023AJ....166...33M/abstract target=ref>MacDougall et al. 2023</a>,,4914.0,60.0,-58.0,0.0,0.75,0.02,-0.02,0.0,0.8,0.02,-0.03,0.0,0.044,0.088,-0.095,0.0,[Fe/H],4.6,0.02,-0.02,0.0,<a refstr=STASSUN_ET_AL__2019 href=https://ui.adsabs.harvard.edu/abs/2019AJ....158..138S/abstract target=ref>TICv8</a>,13h25m07.83s,201.2826259,+38d55m20.52s,38.9223671,42.5775,0.0622,-0.062,10.0,0.03,-0.03,8.103,0.023,-0.023,7.605,0.018,-0.018,7.568,9.995,-9.995,9.67517,0.000292,-0.000292,2024-07-23,2024-06,2024-07-23,2.1,3.4,-1.5,0.0,2024-06-01,1694.09703376,0.0003348572570315,0.19,18.84711718667941,0.832510767652524,0.6640609476618148,88.86511230907148,11.68392031172887,2.44,-0.57,0.6,2.44,10.681081602081917,0.6232543444031774,14.280978642037411,-0.8682503411997464,-1.854394524674323,-0.6946603454476881
3630,L 98-59 b,L 98-59,0,1,4,Transit,2019,Transiting Exoplanet Survey Satellite (TESS),1,Published Confirmed,0,<a refstr=RAJPAUL_ET_AL__2024 href=https://ui.adsabs.harvard.edu/abs/2024MNRAS.530.4665R/abstract target=ref>Rajpaul et al. 2024</a>,2.2531154,1.7e-06,-1.7e-06,0.0,0.02191,0.0008,-0.00084,0.0,0.85,0.061,-0.047,0.0,0.076,0.005,-0.004,0.0,0.47,0.13,-0.15,0.0,0.00148,0.00041,-0.00047,0.0,Mass,0.167,0.034,-0.16,0.0,24.7,5.0,-4.1,0.0,627.0,33.0,-36.0,0.0,87.71,1.16,-0.44,0.0,0,0.992,0.09,-0.032,0.0,15.0,1.4,-1.0,0.0,0.0251377586742524,0.00072,-0.00072,0.0,,,,,<a refstr=RAJPAUL_ET_AL__2024 href=https://ui.adsabs.harvard.edu/abs/2024MNRAS.530.4665R/abstract target=ref>Rajpaul et al. 2024</a>,M3 V,3367.0,150.0,-150.0,0.0,0.31,0.01,-0.01,0.0,0.31,0.01,-0.01,0.0,-0.5,0.5,-0.5,0.0,[Fe/H],4.86,0.13,-0.13,0.0,<a refstr=STASSUN_ET_AL__2019 href=https://ui.adsabs.harvard.edu/abs/2019AJ....158..138S/abstract target=ref>TICv8</a>,08h18m07.89s,124.5328604,-68d18m52.08s,-68.3144658,10.6194,0.0032,-0.0032,11.685,0.017,-0.017,7.933,0.027,-0.027,7.359,0.049,-0.049,7.101,0.018,-0.018,10.5976,0.000765,-0.000765,2024-06-10,2024-06,2024-06-10,1.0,,,-1.0,2024-06-01,619.7535658558058,0.0006319069111649,0.19,41.47707927462899,0.7776635239238154,0.5269845521059151,30.95163447488961,5.045926034060191,0.47,-0.15,0.13,0.47,6.38159169550173,0.8425696011300606,8.317894788563413,-1.0735111895555938,-1.6222820898067847,-2.0720613206823777
86,GJ 1252 b,GJ 1252,0,1,1,Transit,2020,Transiting Exoplanet Survey Satellite (TESS),1,Published Confirmed,0,<a refstr=KOKORI_ET_AL__2023 href=https://ui.adsabs.harvard.edu/abs/2023ApJS..265....4K/abstract target=ref>Kokori et al. 2023</a>,0.5182464,2.3e-06,-2.3e-06,0.0,0.00915,0.00015,-0.00015,0.0,1.193,0.074,-0.074,0.0,0.106,0.007,-0.007,0.0,1.32,0.28,-0.28,0.0,0.00415,0.00088,-0.00088,0.0,Mass,0.0,,,0.0,233.0,48.0,-41.0,0.0,1089.0,69.0,-69.0,0.0,85.0,2.1,-1.8,0.0,0,0.724,0.013,-0.013,0.0,5.05,6.35,-2.73,0.0,0.028044335717945,0.0009,-0.0009,0.0,,,,,<a refstr=SHPORER_ET_AL__2020 href=https://ui.adsabs.harvard.edu/abs/2020ApJ...890L...7S/abstract target=ref>Shporer et al. 2020</a>,M3,3458.0,140.0,-133.0,0.0,0.39,0.02,-0.02,0.0,0.38,0.02,-0.02,0.0,0.1,0.1,-0.1,0.0,[Fe/H],,,,,<a refstr=STASSUN_ET_AL__2019 href=https://ui.adsabs.harvard.edu/abs/2019AJ....158..138S/abstract target=ref>TICv8</a>,20h27m42.88s,306.9286462,-56d27m44.23s,-56.4622865,20.373,0.0192,-0.0192,12.68,0.2,-0.2,8.697,0.019,-0.019,8.161,0.034,-0.034,7.915,0.023,-0.023,11.2364,0.000806,-0.000806,2024-03-04,2023-03,2024-03-04,3.9,0.4,-0.4,0.0,2023-03-01,1086.1349184548212,0.0007864847658608,0.19,31.802082719727228,1.033815877593682,0.7719282188758129,146.48906228883723,16.415816589447072,1.32,-0.28,0.28,1.32,9.098337676682014,0.7413500322571914,11.766321219525524,-1.25884992680617,-1.976958525179372,-1.9212890165807273
4085,TOI-500 b,TOI-500,1,1,4,Transit,2022,Transiting Exoplanet Survey Satellite (TESS),1,Published Confirmed,0,<a refstr=SERRANO_ET_AL__2022 href=https://ui.adsabs.harvard.edu/abs/2022NatAs.tmp...95S/abstract target=ref>Serrano et al. 2022</a>,0.548177,1.9e-05,-1.9e-05,0.0,0.01189,0.00041,-0.0004,0.0,1.166,0.061,-0.058,0.0,0.104,0.005,-0.005,0.0,1.42,0.18,-0.18,0.0,0.00447,0.00057,-0.00057,0.0,Mass,0.063,0.073,-0.044,0.0,1138.0,123.0,-112.0,0.0,1617.0,41.0,-41.0,0.0,82.09,2.53,-1.31,0.0,0,0.998,0.05,-0.044,0.0,3.769,0.09,-0.09,0.0,0.0157202322671198,0.00072,-0.0007,0.0,,,,,<a refstr=SERRANO_ET_AL__2022 href=https://ui.adsabs.harvard.edu/abs/2022NatAs.tmp...95S/abstract target=ref>Serrano et al. 2022</a>,K6 V,4440.0,100.0,-100.0,0.0,0.68,0.02,-0.02,0.0,0.74,0.02,-0.02,0.0,0.12,0.08,-0.08,0.0,[Fe/H],4.62,0.02,-0.02,0.0,<a refstr=STASSUN_ET_AL__2019 href=https://ui.adsabs.harvard.edu/abs/2019AJ....158..138S/abstract target=ref>TICv8</a>,07h06m14.18s,106.559098,-47d35m16.14s,-47.5878156,47.3924,0.0473,-0.0473,10.54,0.03,-0.03,8.403,0.024,-0.024,7.848,0.038,-0.038,7.715,0.026,-0.026,10.1026,0.000308,-0.000308,2022-05-09,2022-04,2022-05-09,5.0,0.2,-0.2,0.0,2022-04-01,1614.6573038187864,0.0002471257025321,0.19,15.453378569123526,0.9323021117218956,0.7091309132084236,68.66822503347652,8.437486945321904,1.42,-0.18,0.18,1.42,10.246139180732534,0.8469936440079033,12.344367816765892,-1.259524450195115,-2.0335691342518496,-1.6943371770527227
4117,TOI-561 b,TOI-561,1,1,4,Transit,2020,Transiting Exoplanet Survey Satellite (TESS),1,Published Confirmed,0,<a refstr=PIOTTO_ET_AL__2024 href=https://ui.adsabs.harvard.edu/abs/2024MNRAS.535.2763P/abstract target=ref>Piotto et al. 2024</a>,0.4465697,3e-07,-3e-07,0.0,0.01064,0.00016,-0.00016,0.0,1.397,0.027,-0.027,0.0,0.125,0.002,-0.002,0.0,2.02,0.23,-0.23,0.0,0.00636,0.00072,-0.00072,0.0,Mass,0.0,,,0.0,4709.0,153.0,-153.0,0.0,2319.0,34.0,-34.0,0.0,87.0,2.0,-2.1,0.0,0,1.308,0.016,-0.016,0.0,2.683,0.029,-0.029,0.0,0.0152470716373368,0.00028,-0.00028,0.0,,,,,<a refstr=PIOTTO_ET_AL__2024 href=https://ui.adsabs.harvard.edu/abs/2024MNRAS.535.2763P/abstract target=ref>Piotto et al. 2024</a>,G9 V,5342.0,57.0,-54.0,0.0,0.84,0.01,-0.01,0.0,0.81,0.04,-0.04,0.0,-0.303,0.058,-0.056,0.0,[Fe/H],4.45,0.02,-0.02,0.0,<a refstr=STASSUN_ET_AL__2019 href=https://ui.adsabs.harvard.edu/abs/2019AJ....158..138S/abstract target=ref>TICv8</a>,09h52m44.44s,148.1851516,+06d12m57.97s,6.216103,85.799,0.4988,-0.4932,10.252,0.006,-0.006,8.879,0.02,-0.02,8.504,0.055,-0.055,8.394,0.019,-0.019,10.0128,0.000278,-0.000278,2025-02-24,2024-12,2025-02-24,16.1,2.4,-3.1,0.0,2024-12-01,2302.9100153282484,0.000232473193514,0.19,14.025225293563954,1.0,0.9292526091669248,88.69060646522648,7.971405772286249,2.02,-0.23,0.23,2.02,10.153775679452185,0.6573206487010297,13.4509029221651,-1.4589050900535794,-2.3516878468346025,-1.5672093419055102
94,GJ 367 b,GJ 367,1,1,3,Transit,2021,Transiting Exoplanet Survey Satellite (TESS),1,Published Confirmed,0,<a refstr=GOFFO_ET_AL__2023 href=https://ui.adsabs.harvard.edu/abs/2023arXiv230709181G/abstract target=ref>Goffo et al. 2023</a>,0.3219225,2e-07,-2e-07,0.0,0.00709,0.00027,-0.00027,0.0,0.699,0.024,-0.024,0.0,0.062,0.002,-0.002,0.0,0.633,0.05,-0.05,0.0,0.00199,0.00016,-0.00016,0.0,Mass,0.06,0.07,-0.04,0.0,579.0,57.0,-52.0,0.0,1365.0,32.0,-32.0,0.0,79.89,0.87,-0.85,0.0,0,0.629,0.008,-0.008,0.0,3.41,0.06,-0.07,0.0,0.0139312044171963,0.00028,-0.00028,0.0,,,,,<a refstr=GOFFO_ET_AL__2023 href=https://ui.adsabs.harvard.edu/abs/2023arXiv230709181G/abstract target=ref>Goffo et al. 2023</a>,M1.0 V,3522.0,70.0,-70.0,0.0,0.46,0.01,-0.01,0.0,0.46,0.01,-0.01,0.0,-0.01,0.12,-0.12,0.0,[Fe/H],4.78,0.03,-0.03,0.0,<a refstr=STASSUN_ET_AL__2019 href=https://ui.adsabs.harvard.edu/abs/2019AJ....158..138S/abstract target=ref>TICv8</a>,09h44m29.15s,146.121464,-45d46m44.46s,-45.7790165,9.41263,0.002835,-0.002835,10.153,0.044,-0.044,6.632,0.023,-0.023,6.045,0.044,-0.044,5.78,0.02,-0.02,9.15159,0.00065,-0.00065,2023-08-10,2023-07,2023-08-10,,,,,2023-07-01,1363.6861724522514,0.0001940784565137,0.19,31.158761835364967,0.3986676989780116,0.1895266336327036,54.20286377775366,16.236018033982187,0.633,-0.05,0.05,0.633,12.709204442888986,1.9648000402091246,10.644793080186634,-1.7150191899580465,-2.4056185266401635,-2.6048247137451854
